--------------------------------------------------------
--  파일이 생성됨 - 금요일-5월-01-2020   
--------------------------------------------------------
--------------------------------------------------------
--  DDL for Sequence SEQ_MC
--------------------------------------------------------

   CREATE SEQUENCE  "MARKETFULLY"."SEQ_MC"  MINVALUE 1 MAXVALUE 9999999999999999999999999999 INCREMENT BY 1 START WITH 8 NOCACHE  NOORDER  NOCYCLE ;
--------------------------------------------------------
--  DDL for Sequence SEQ_MEM_NUM
--------------------------------------------------------

   CREATE SEQUENCE  "MARKETFULLY"."SEQ_MEM_NUM"  MINVALUE 1 MAXVALUE 9999999999999999999999999999 INCREMENT BY 1 START WITH 16 NOCACHE  NOORDER  NOCYCLE ;
--------------------------------------------------------
--  DDL for Sequence SEQ_MIROTIC
--------------------------------------------------------

   CREATE SEQUENCE  "MARKETFULLY"."SEQ_MIROTIC"  MINVALUE 1 MAXVALUE 9999999999999999999999999999 INCREMENT BY 1 START WITH 1000 NOCACHE  NOORDER  NOCYCLE ;
--------------------------------------------------------
--  DDL for Sequence SEQ_NOTICE_NUM
--------------------------------------------------------

   CREATE SEQUENCE  "MARKETFULLY"."SEQ_NOTICE_NUM"  MINVALUE 1 MAXVALUE 9999999999999999999999999999 INCREMENT BY 1 START WITH 21 CACHE 20 NOORDER  NOCYCLE ;
--------------------------------------------------------
--  DDL for Sequence SEQ_PR_CODE
--------------------------------------------------------

   CREATE SEQUENCE  "MARKETFULLY"."SEQ_PR_CODE"  MINVALUE 1 MAXVALUE 9999999999999999999999999999 INCREMENT BY 1 START WITH 241 CACHE 20 NOORDER  NOCYCLE ;
--------------------------------------------------------
--  DDL for Sequence SEQ_QNA
--------------------------------------------------------

   CREATE SEQUENCE  "MARKETFULLY"."SEQ_QNA"  MINVALUE 1 MAXVALUE 9999999999999999999999999999 INCREMENT BY 1 START WITH 8 NOCACHE  NOORDER  NOCYCLE ;
--------------------------------------------------------
--  DDL for Sequence SEQ_QNA_NUM
--------------------------------------------------------

   CREATE SEQUENCE  "MARKETFULLY"."SEQ_QNA_NUM"  MINVALUE 1 MAXVALUE 9999999999999999999999999999 INCREMENT BY 1 START WITH 15 CACHE 20 NOORDER  NOCYCLE ;
--------------------------------------------------------
--  DDL for Sequence SEQ_RB_NUM
--------------------------------------------------------

   CREATE SEQUENCE  "MARKETFULLY"."SEQ_RB_NUM"  MINVALUE 1 MAXVALUE 9999999999999999999999999999 INCREMENT BY 1 START WITH 9 NOCACHE  NOORDER  NOCYCLE ;
--------------------------------------------------------
--  DDL for Sequence SEQ_SHIPPING
--------------------------------------------------------

   CREATE SEQUENCE  "MARKETFULLY"."SEQ_SHIPPING"  MINVALUE 1 MAXVALUE 9999999999999999999999999999 INCREMENT BY 1 START WITH 21 NOCACHE  NOORDER  NOCYCLE ;
--------------------------------------------------------
--  DDL for Sequence SEQ_TMB
--------------------------------------------------------

   CREATE SEQUENCE  "MARKETFULLY"."SEQ_TMB"  MINVALUE 1 MAXVALUE 9999999999999999999999999999 INCREMENT BY 1 START WITH 41 CACHE 20 NOORDER  NOCYCLE ;
--------------------------------------------------------
--  DDL for Sequence SEQ_TMR
--------------------------------------------------------

   CREATE SEQUENCE  "MARKETFULLY"."SEQ_TMR"  MINVALUE 1 MAXVALUE 9999999999999999999999999999 INCREMENT BY 1 START WITH 21 CACHE 20 NOORDER  NOCYCLE ;
--------------------------------------------------------
--  DDL for Sequence SEQ_UMB
--------------------------------------------------------

   CREATE SEQUENCE  "MARKETFULLY"."SEQ_UMB"  MINVALUE 1 MAXVALUE 9999999999999999999999999999 INCREMENT BY 1 START WITH 41 CACHE 20 NOORDER  NOCYCLE ;
--------------------------------------------------------
--  DDL for Sequence SEQ_UMR
--------------------------------------------------------

   CREATE SEQUENCE  "MARKETFULLY"."SEQ_UMR"  MINVALUE 1 MAXVALUE 9999999999999999999999999999 INCREMENT BY 1 START WITH 6 NOCACHE  NOORDER  NOCYCLE ;
--------------------------------------------------------
--  DDL for Table BOARDLIKE
--------------------------------------------------------

  CREATE TABLE "MARKETFULLY"."BOARDLIKE" 
   (	"MEM_NUM" NUMBER, 
	"RB_NUM" NUMBER
   ) SEGMENT CREATION IMMEDIATE 
  PCTFREE 10 PCTUSED 40 INITRANS 1 MAXTRANS 255 NOCOMPRESS LOGGING
  STORAGE(INITIAL 65536 NEXT 1048576 MINEXTENTS 1 MAXEXTENTS 2147483645
  PCTINCREASE 0 FREELISTS 1 FREELIST GROUPS 1 BUFFER_POOL DEFAULT FLASH_CACHE DEFAULT CELL_FLASH_CACHE DEFAULT)
  TABLESPACE "SYSTEM" ;
--------------------------------------------------------
--  DDL for Table CATE1
--------------------------------------------------------

  CREATE TABLE "MARKETFULLY"."CATE1" 
   (	"CATECODE1" VARCHAR2(30 BYTE), 
	"CATENAME1" VARCHAR2(30 BYTE), 
	"Y_INDEX" VARCHAR2(30 BYTE), 
	"RENAMEFILENAME" VARCHAR2(500 BYTE)
   ) SEGMENT CREATION IMMEDIATE 
  PCTFREE 10 PCTUSED 40 INITRANS 1 MAXTRANS 255 NOCOMPRESS LOGGING
  STORAGE(INITIAL 65536 NEXT 1048576 MINEXTENTS 1 MAXEXTENTS 2147483645
  PCTINCREASE 0 FREELISTS 1 FREELIST GROUPS 1 BUFFER_POOL DEFAULT FLASH_CACHE DEFAULT CELL_FLASH_CACHE DEFAULT)
  TABLESPACE "SYSTEM" ;
--------------------------------------------------------
--  DDL for Table CATE2
--------------------------------------------------------

  CREATE TABLE "MARKETFULLY"."CATE2" 
   (	"UPCATECODE" VARCHAR2(30 BYTE), 
	"CATECODE2" VARCHAR2(30 BYTE), 
	"CATENAME2" VARCHAR2(30 BYTE), 
	"Y_INDEX" VARCHAR2(30 BYTE)
   ) SEGMENT CREATION IMMEDIATE 
  PCTFREE 10 PCTUSED 40 INITRANS 1 MAXTRANS 255 NOCOMPRESS LOGGING
  STORAGE(INITIAL 65536 NEXT 1048576 MINEXTENTS 1 MAXEXTENTS 2147483645
  PCTINCREASE 0 FREELISTS 1 FREELIST GROUPS 1 BUFFER_POOL DEFAULT FLASH_CACHE DEFAULT CELL_FLASH_CACHE DEFAULT)
  TABLESPACE "SYSTEM" ;
--------------------------------------------------------
--  DDL for Table FAVORITE
--------------------------------------------------------

  CREATE TABLE "MARKETFULLY"."FAVORITE" 
   (	"MEM_NUM" NUMBER, 
	"MB_BO_NUM" NUMBER, 
	"MB_NUM" NUMBER
   ) SEGMENT CREATION IMMEDIATE 
  PCTFREE 10 PCTUSED 40 INITRANS 1 MAXTRANS 255 NOCOMPRESS LOGGING
  STORAGE(INITIAL 65536 NEXT 1048576 MINEXTENTS 1 MAXEXTENTS 2147483645
  PCTINCREASE 0 FREELISTS 1 FREELIST GROUPS 1 BUFFER_POOL DEFAULT FLASH_CACHE DEFAULT CELL_FLASH_CACHE DEFAULT)
  TABLESPACE "SYSTEM" ;
--------------------------------------------------------
--  DDL for Table MAINCATE
--------------------------------------------------------

  CREATE TABLE "MARKETFULLY"."MAINCATE" 
   (	"CATECODE1" VARCHAR2(30 BYTE), 
	"CATENAME1" VARCHAR2(30 BYTE)
   ) SEGMENT CREATION IMMEDIATE 
  PCTFREE 10 PCTUSED 40 INITRANS 1 MAXTRANS 255 NOCOMPRESS LOGGING
  STORAGE(INITIAL 65536 NEXT 1048576 MINEXTENTS 1 MAXEXTENTS 2147483645
  PCTINCREASE 0 FREELISTS 1 FREELIST GROUPS 1 BUFFER_POOL DEFAULT FLASH_CACHE DEFAULT CELL_FLASH_CACHE DEFAULT)
  TABLESPACE "SYSTEM" ;
--------------------------------------------------------
--  DDL for Table MEMBER
--------------------------------------------------------

  CREATE TABLE "MARKETFULLY"."MEMBER" 
   (	"MEM_NUM" NUMBER, 
	"MEM_ID" VARCHAR2(30 BYTE), 
	"MEM_PWD" VARCHAR2(30 BYTE), 
	"MEM_EMAIL" VARCHAR2(50 BYTE), 
	"MEM_PHONE" VARCHAR2(50 BYTE), 
	"MEM_ADDR" VARCHAR2(600 BYTE), 
	"MEM_NAME" VARCHAR2(30 BYTE), 
	"MEM_GENDER" VARCHAR2(3 BYTE), 
	"MEM_BIRTH" DATE, 
	"MEM_POINT" NUMBER, 
	"MEM_PROFILE" VARCHAR2(90 BYTE), 
	"MEM_STATUS" VARCHAR2(3 BYTE), 
	"SHIPPING_CODE" NUMBER, 
	"MEM_GRADE" VARCHAR2(20 BYTE), 
	"MEM_CERT" VARCHAR2(3 BYTE), 
	"MEM_SMS_AGREE" VARCHAR2(3 BYTE), 
	"MEM_EMAIL_AGREE" VARCHAR2(3 BYTE)
   ) SEGMENT CREATION IMMEDIATE 
  PCTFREE 10 PCTUSED 40 INITRANS 1 MAXTRANS 255 NOCOMPRESS LOGGING
  STORAGE(INITIAL 65536 NEXT 1048576 MINEXTENTS 1 MAXEXTENTS 2147483645
  PCTINCREASE 0 FREELISTS 1 FREELIST GROUPS 1 BUFFER_POOL DEFAULT FLASH_CACHE DEFAULT CELL_FLASH_CACHE DEFAULT)
  TABLESPACE "SYSTEM" ;

   COMMENT ON COLUMN "MARKETFULLY"."MEMBER"."SHIPPING_CODE" IS '배송번호(N)';
--------------------------------------------------------
--  DDL for Table MENU_CATEGORY
--------------------------------------------------------

  CREATE TABLE "MARKETFULLY"."MENU_CATEGORY" 
   (	"MC_CATE_NUM" NUMBER, 
	"MC_NAME" VARCHAR2(90 BYTE), 
	"MC_STATUS" VARCHAR2(3 BYTE) DEFAULT 'Y'
   ) SEGMENT CREATION IMMEDIATE 
  PCTFREE 10 PCTUSED 40 INITRANS 1 MAXTRANS 255 NOCOMPRESS LOGGING
  STORAGE(INITIAL 65536 NEXT 1048576 MINEXTENTS 1 MAXEXTENTS 2147483645
  PCTINCREASE 0 FREELISTS 1 FREELIST GROUPS 1 BUFFER_POOL DEFAULT FLASH_CACHE DEFAULT CELL_FLASH_CACHE DEFAULT)
  TABLESPACE "SYSTEM" ;
--------------------------------------------------------
--  DDL for Table MENU_EXPLAIN
--------------------------------------------------------

  CREATE TABLE "MARKETFULLY"."MENU_EXPLAIN" 
   (	"MB_NUM" NUMBER, 
	"ME_IMG" CLOB, 
	"ME_CONTENT" CLOB, 
	"ME_SEQ" NUMBER, 
	"ME_STATUS" VARCHAR2(3 BYTE) DEFAULT 'Y'
   ) SEGMENT CREATION IMMEDIATE 
  PCTFREE 10 PCTUSED 40 INITRANS 1 MAXTRANS 255 NOCOMPRESS LOGGING
  STORAGE(INITIAL 65536 NEXT 1048576 MINEXTENTS 1 MAXEXTENTS 2147483645
  PCTINCREASE 0 FREELISTS 1 FREELIST GROUPS 1 BUFFER_POOL DEFAULT FLASH_CACHE DEFAULT CELL_FLASH_CACHE DEFAULT)
  TABLESPACE "SYSTEM" 
 LOB ("ME_IMG") STORE AS BASICFILE (
  TABLESPACE "SYSTEM" ENABLE STORAGE IN ROW CHUNK 8192 RETENTION 
  NOCACHE LOGGING 
  STORAGE(INITIAL 65536 NEXT 1048576 MINEXTENTS 1 MAXEXTENTS 2147483645
  PCTINCREASE 0 FREELISTS 1 FREELIST GROUPS 1 BUFFER_POOL DEFAULT FLASH_CACHE DEFAULT CELL_FLASH_CACHE DEFAULT)) 
 LOB ("ME_CONTENT") STORE AS BASICFILE (
  TABLESPACE "SYSTEM" ENABLE STORAGE IN ROW CHUNK 8192 RETENTION 
  NOCACHE LOGGING 
  STORAGE(INITIAL 65536 NEXT 1048576 MINEXTENTS 1 MAXEXTENTS 2147483645
  PCTINCREASE 0 FREELISTS 1 FREELIST GROUPS 1 BUFFER_POOL DEFAULT FLASH_CACHE DEFAULT CELL_FLASH_CACHE DEFAULT)) ;
--------------------------------------------------------
--  DDL for Table MENU_PRODUCT
--------------------------------------------------------

  CREATE TABLE "MARKETFULLY"."MENU_PRODUCT" 
   (	"MB_NUM" NUMBER, 
	"PR_CODE" NUMBER, 
	"PR_EACH" NUMBER
   ) SEGMENT CREATION IMMEDIATE 
  PCTFREE 10 PCTUSED 40 INITRANS 1 MAXTRANS 255 NOCOMPRESS LOGGING
  STORAGE(INITIAL 65536 NEXT 1048576 MINEXTENTS 1 MAXEXTENTS 2147483645
  PCTINCREASE 0 FREELISTS 1 FREELIST GROUPS 1 BUFFER_POOL DEFAULT FLASH_CACHE DEFAULT CELL_FLASH_CACHE DEFAULT)
  TABLESPACE "SYSTEM" ;

   COMMENT ON COLUMN "MARKETFULLY"."MENU_PRODUCT"."PR_CODE" IS '상품코드(N)';
--------------------------------------------------------
--  DDL for Table MENU_REPLY
--------------------------------------------------------

  CREATE TABLE "MARKETFULLY"."MENU_REPLY" 
   (	"MR_NUM" NUMBER, 
	"MB_NUM" NUMBER, 
	"MR_CONTENT" CLOB, 
	"MR_WRITER" VARCHAR2(30 BYTE), 
	"MR_CDATE" DATE, 
	"MR_THANK" NUMBER DEFAULT 0, 
	"MR_STATUS" VARCHAR2(3 BYTE) DEFAULT 'Y'
   ) SEGMENT CREATION IMMEDIATE 
  PCTFREE 10 PCTUSED 40 INITRANS 1 MAXTRANS 255 NOCOMPRESS LOGGING
  STORAGE(INITIAL 65536 NEXT 1048576 MINEXTENTS 1 MAXEXTENTS 2147483645
  PCTINCREASE 0 FREELISTS 1 FREELIST GROUPS 1 BUFFER_POOL DEFAULT FLASH_CACHE DEFAULT CELL_FLASH_CACHE DEFAULT)
  TABLESPACE "SYSTEM" 
 LOB ("MR_CONTENT") STORE AS BASICFILE (
  TABLESPACE "SYSTEM" ENABLE STORAGE IN ROW CHUNK 8192 RETENTION 
  NOCACHE LOGGING 
  STORAGE(INITIAL 65536 NEXT 1048576 MINEXTENTS 1 MAXEXTENTS 2147483645
  PCTINCREASE 0 FREELISTS 1 FREELIST GROUPS 1 BUFFER_POOL DEFAULT FLASH_CACHE DEFAULT CELL_FLASH_CACHE DEFAULT)) ;
--------------------------------------------------------
--  DDL for Table MILEAGE
--------------------------------------------------------

  CREATE TABLE "MARKETFULLY"."MILEAGE" 
   (	"MEM_NUM" NUMBER, 
	"SHIPPING_CODE" NUMBER, 
	"MILEAGE_TOTAL" NUMBER, 
	"MILEAGE_EDIT" NUMBER, 
	"MILEAGE_EDIT_DATE" DATE, 
	"MILEAGE_CONTENT" CLOB, 
	"OR_NUM" NUMBER
   ) SEGMENT CREATION IMMEDIATE 
  PCTFREE 10 PCTUSED 40 INITRANS 1 MAXTRANS 255 NOCOMPRESS LOGGING
  STORAGE(INITIAL 65536 NEXT 1048576 MINEXTENTS 1 MAXEXTENTS 2147483645
  PCTINCREASE 0 FREELISTS 1 FREELIST GROUPS 1 BUFFER_POOL DEFAULT FLASH_CACHE DEFAULT CELL_FLASH_CACHE DEFAULT)
  TABLESPACE "SYSTEM" 
 LOB ("MILEAGE_CONTENT") STORE AS BASICFILE (
  TABLESPACE "SYSTEM" ENABLE STORAGE IN ROW CHUNK 8192 RETENTION 
  NOCACHE LOGGING 
  STORAGE(INITIAL 65536 NEXT 1048576 MINEXTENTS 1 MAXEXTENTS 2147483645
  PCTINCREASE 0 FREELISTS 1 FREELIST GROUPS 1 BUFFER_POOL DEFAULT FLASH_CACHE DEFAULT CELL_FLASH_CACHE DEFAULT)) ;

   COMMENT ON COLUMN "MARKETFULLY"."MILEAGE"."SHIPPING_CODE" IS '배송번호(N)';
   COMMENT ON COLUMN "MARKETFULLY"."MILEAGE"."OR_NUM" IS '주문번호(N)';
--------------------------------------------------------
--  DDL for Table MIROTIC
--------------------------------------------------------

  CREATE TABLE "MARKETFULLY"."MIROTIC" 
   (	"OR_NUM" NUMBER, 
	"MB_NUM" NUMBER, 
	"MB_EACH" NUMBER, 
	"PR_CODE" NUMBER, 
	"PR_EACH" NUMBER, 
	"OR_TOTAL" NUMBER, 
	"OR_DATE" DATE, 
	"OR_STATUS" VARCHAR2(30 BYTE), 
	"SENDER_NAME" VARCHAR2(30 BYTE), 
	"SENDER_ADDR" VARCHAR2(600 BYTE), 
	"SENDER_PHONE" VARCHAR2(50 BYTE), 
	"SHIPPING_CODE" NUMBER, 
	"MEM_NUM" NUMBER
   ) SEGMENT CREATION IMMEDIATE 
  PCTFREE 10 PCTUSED 40 INITRANS 1 MAXTRANS 255 NOCOMPRESS LOGGING
  STORAGE(INITIAL 65536 NEXT 1048576 MINEXTENTS 1 MAXEXTENTS 2147483645
  PCTINCREASE 0 FREELISTS 1 FREELIST GROUPS 1 BUFFER_POOL DEFAULT FLASH_CACHE DEFAULT CELL_FLASH_CACHE DEFAULT)
  TABLESPACE "SYSTEM" ;

   COMMENT ON COLUMN "MARKETFULLY"."MIROTIC"."OR_NUM" IS '주문번호(N)';
   COMMENT ON COLUMN "MARKETFULLY"."MIROTIC"."SHIPPING_CODE" IS '배송번호(N)';
--------------------------------------------------------
--  DDL for Table MYBAG
--------------------------------------------------------

  CREATE TABLE "MARKETFULLY"."MYBAG" 
   (	"MEM_NUM" NUMBER, 
	"MB_BO_NUM" NUMBER, 
	"MB_NUM" NUMBER, 
	"PR_CODE" NUMBER, 
	"PR_EACH" NUMBER
   ) SEGMENT CREATION IMMEDIATE 
  PCTFREE 10 PCTUSED 40 INITRANS 1 MAXTRANS 255 NOCOMPRESS LOGGING
  STORAGE(INITIAL 65536 NEXT 1048576 MINEXTENTS 1 MAXEXTENTS 2147483645
  PCTINCREASE 0 FREELISTS 1 FREELIST GROUPS 1 BUFFER_POOL DEFAULT FLASH_CACHE DEFAULT CELL_FLASH_CACHE DEFAULT)
  TABLESPACE "SYSTEM" ;
--------------------------------------------------------
--  DDL for Table NOTICE
--------------------------------------------------------

  CREATE TABLE "MARKETFULLY"."NOTICE" 
   (	"NOTICE_NUM" NUMBER, 
	"NOTICE_TITLE" VARCHAR2(60 BYTE), 
	"NOTICE_CONTENT" VARCHAR2(3000 BYTE), 
	"NOTICE_WRITER" VARCHAR2(30 BYTE), 
	"NOTICE_CDATE" DATE, 
	"NOTICE_STATUS" VARCHAR2(3 BYTE), 
	"NOTICE_COUNT" NUMBER
   ) SEGMENT CREATION IMMEDIATE 
  PCTFREE 10 PCTUSED 40 INITRANS 1 MAXTRANS 255 NOCOMPRESS LOGGING
  STORAGE(INITIAL 65536 NEXT 1048576 MINEXTENTS 1 MAXEXTENTS 2147483645
  PCTINCREASE 0 FREELISTS 1 FREELIST GROUPS 1 BUFFER_POOL DEFAULT FLASH_CACHE DEFAULT CELL_FLASH_CACHE DEFAULT)
  TABLESPACE "SYSTEM" ;
--------------------------------------------------------
--  DDL for Table ORDER_DETAIL
--------------------------------------------------------

  CREATE TABLE "MARKETFULLY"."ORDER_DETAIL" 
   (	"OR_NUM" NUMBER, 
	"CID" NUMBER, 
	"TID" NUMBER, 
	"SID" NUMBER, 
	"AID" NUMBER, 
	"Field" VARCHAR2(255 BYTE)
   ) SEGMENT CREATION IMMEDIATE 
  PCTFREE 10 PCTUSED 40 INITRANS 1 MAXTRANS 255 NOCOMPRESS LOGGING
  STORAGE(INITIAL 65536 NEXT 1048576 MINEXTENTS 1 MAXEXTENTS 2147483645
  PCTINCREASE 0 FREELISTS 1 FREELIST GROUPS 1 BUFFER_POOL DEFAULT FLASH_CACHE DEFAULT CELL_FLASH_CACHE DEFAULT)
  TABLESPACE "SYSTEM" ;

   COMMENT ON COLUMN "MARKETFULLY"."ORDER_DETAIL"."OR_NUM" IS '주문번호(N)';
--------------------------------------------------------
--  DDL for Table PRODUCT
--------------------------------------------------------

  CREATE TABLE "MARKETFULLY"."PRODUCT" 
   (	"PR_CODE" NUMBER, 
	"PR_CATE1" VARCHAR2(30 BYTE), 
	"PR_CATE2" VARCHAR2(30 BYTE), 
	"PR_NAME" VARCHAR2(200 BYTE), 
	"PR_PRICE" NUMBER, 
	"PR_CONTENT" CLOB, 
	"PR_CARLORY" NUMBER, 
	"PR_FROM" CLOB, 
	"PR_SIZE" VARCHAR2(30 BYTE), 
	"PR_ENTITY" NUMBER, 
	"ORIGINAL_FILE_NAME" VARCHAR2(1000 BYTE), 
	"RENAME_FILE_NAME" VARCHAR2(1000 BYTE)
   ) SEGMENT CREATION IMMEDIATE 
  PCTFREE 10 PCTUSED 40 INITRANS 1 MAXTRANS 255 NOCOMPRESS LOGGING
  STORAGE(INITIAL 65536 NEXT 1048576 MINEXTENTS 1 MAXEXTENTS 2147483645
  PCTINCREASE 0 FREELISTS 1 FREELIST GROUPS 1 BUFFER_POOL DEFAULT FLASH_CACHE DEFAULT CELL_FLASH_CACHE DEFAULT)
  TABLESPACE "SYSTEM" 
 LOB ("PR_CONTENT") STORE AS BASICFILE (
  TABLESPACE "SYSTEM" ENABLE STORAGE IN ROW CHUNK 8192 RETENTION 
  NOCACHE LOGGING 
  STORAGE(INITIAL 65536 NEXT 1048576 MINEXTENTS 1 MAXEXTENTS 2147483645
  PCTINCREASE 0 FREELISTS 1 FREELIST GROUPS 1 BUFFER_POOL DEFAULT FLASH_CACHE DEFAULT CELL_FLASH_CACHE DEFAULT)) 
 LOB ("PR_FROM") STORE AS BASICFILE (
  TABLESPACE "SYSTEM" ENABLE STORAGE IN ROW CHUNK 8192 RETENTION 
  NOCACHE LOGGING 
  STORAGE(INITIAL 65536 NEXT 1048576 MINEXTENTS 1 MAXEXTENTS 2147483645
  PCTINCREASE 0 FREELISTS 1 FREELIST GROUPS 1 BUFFER_POOL DEFAULT FLASH_CACHE DEFAULT CELL_FLASH_CACHE DEFAULT)) ;
--------------------------------------------------------
--  DDL for Table PRODUCT_STOCK
--------------------------------------------------------

  CREATE TABLE "MARKETFULLY"."PRODUCT_STOCK" 
   (	"PR_CODE" NUMBER, 
	"PR_EDIT_ENTITY" NUMBER, 
	"PR_EDIT_DATE" DATE, 
	"PR_CONTENT" CLOB
   ) SEGMENT CREATION IMMEDIATE 
  PCTFREE 10 PCTUSED 40 INITRANS 1 MAXTRANS 255 NOCOMPRESS LOGGING
  STORAGE(INITIAL 65536 NEXT 1048576 MINEXTENTS 1 MAXEXTENTS 2147483645
  PCTINCREASE 0 FREELISTS 1 FREELIST GROUPS 1 BUFFER_POOL DEFAULT FLASH_CACHE DEFAULT CELL_FLASH_CACHE DEFAULT)
  TABLESPACE "SYSTEM" 
 LOB ("PR_CONTENT") STORE AS BASICFILE (
  TABLESPACE "SYSTEM" ENABLE STORAGE IN ROW CHUNK 8192 RETENTION 
  NOCACHE LOGGING 
  STORAGE(INITIAL 65536 NEXT 1048576 MINEXTENTS 1 MAXEXTENTS 2147483645
  PCTINCREASE 0 FREELISTS 1 FREELIST GROUPS 1 BUFFER_POOL DEFAULT FLASH_CACHE DEFAULT CELL_FLASH_CACHE DEFAULT)) ;

   COMMENT ON COLUMN "MARKETFULLY"."PRODUCT_STOCK"."PR_CODE" IS '상품코드(N)';
--------------------------------------------------------
--  DDL for Table QNA_BOARD
--------------------------------------------------------

  CREATE TABLE "MARKETFULLY"."QNA_BOARD" 
   (	"Q_NUM" NUMBER, 
	"Q_TITLE" VARCHAR2(60 BYTE), 
	"Q_CONTENT" VARCHAR2(2000 BYTE), 
	"Q_WRITER" VARCHAR2(30 BYTE), 
	"OR_NUM" NUMBER, 
	"Q_STATUS" VARCHAR2(3 BYTE), 
	"Q_CDATE" DATE, 
	"Q_COUNT" NUMBER, 
	"Q_RCOUNT" NUMBER, 
	"Q_CATEGORY" VARCHAR2(90 BYTE), 
	"Q_FILE" VARCHAR2(90 BYTE), 
	"Q_REFILE" VARCHAR2(90 BYTE)
   ) SEGMENT CREATION IMMEDIATE 
  PCTFREE 10 PCTUSED 40 INITRANS 1 MAXTRANS 255 NOCOMPRESS LOGGING
  STORAGE(INITIAL 65536 NEXT 1048576 MINEXTENTS 1 MAXEXTENTS 2147483645
  PCTINCREASE 0 FREELISTS 1 FREELIST GROUPS 1 BUFFER_POOL DEFAULT FLASH_CACHE DEFAULT CELL_FLASH_CACHE DEFAULT)
  TABLESPACE "SYSTEM" ;
--------------------------------------------------------
--  DDL for Table QNA_REPLY
--------------------------------------------------------

  CREATE TABLE "MARKETFULLY"."QNA_REPLY" 
   (	"Q_NUM" NUMBER, 
	"QR_NUM" NUMBER, 
	"QR_CONTENT" CLOB, 
	"QR_WRITER" VARCHAR2(30 BYTE), 
	"QR_DATE" DATE, 
	"QR_THANK" NUMBER DEFAULT 0, 
	"QR_STATUS" VARCHAR2(3 BYTE)
   ) SEGMENT CREATION IMMEDIATE 
  PCTFREE 10 PCTUSED 40 INITRANS 1 MAXTRANS 255 NOCOMPRESS LOGGING
  STORAGE(INITIAL 65536 NEXT 1048576 MINEXTENTS 1 MAXEXTENTS 2147483645
  PCTINCREASE 0 FREELISTS 1 FREELIST GROUPS 1 BUFFER_POOL DEFAULT FLASH_CACHE DEFAULT CELL_FLASH_CACHE DEFAULT)
  TABLESPACE "SYSTEM" 
 LOB ("QR_CONTENT") STORE AS BASICFILE (
  TABLESPACE "SYSTEM" ENABLE STORAGE IN ROW CHUNK 8192 RETENTION 
  NOCACHE LOGGING 
  STORAGE(INITIAL 65536 NEXT 1048576 MINEXTENTS 1 MAXEXTENTS 2147483645
  PCTINCREASE 0 FREELISTS 1 FREELIST GROUPS 1 BUFFER_POOL DEFAULT FLASH_CACHE DEFAULT CELL_FLASH_CACHE DEFAULT)) ;

   COMMENT ON COLUMN "MARKETFULLY"."QNA_REPLY"."Q_NUM" IS '질문게시판';
--------------------------------------------------------
--  DDL for Table REQUEST_BOARD
--------------------------------------------------------

  CREATE TABLE "MARKETFULLY"."REQUEST_BOARD" 
   (	"RB_NUM" NUMBER, 
	"RB_TITLE" VARCHAR2(60 BYTE), 
	"RB_FOODCATEGORY" VARCHAR2(30 BYTE), 
	"RB_CONTENT" VARCHAR2(2000 BYTE), 
	"RB_WRITER" VARCHAR2(30 BYTE), 
	"RB_DATE" DATE, 
	"RB_FILE" VARCHAR2(90 BYTE), 
	"RB_REFILE" VARCHAR2(90 BYTE), 
	"RB_THANK" NUMBER, 
	"RB_NOTHANK" NUMBER, 
	"RB_STATUS" VARCHAR2(3 BYTE), 
	"RB_COUNT" NUMBER
   ) SEGMENT CREATION IMMEDIATE 
  PCTFREE 10 PCTUSED 40 INITRANS 1 MAXTRANS 255 NOCOMPRESS LOGGING
  STORAGE(INITIAL 65536 NEXT 1048576 MINEXTENTS 1 MAXEXTENTS 2147483645
  PCTINCREASE 0 FREELISTS 1 FREELIST GROUPS 1 BUFFER_POOL DEFAULT FLASH_CACHE DEFAULT CELL_FLASH_CACHE DEFAULT)
  TABLESPACE "SYSTEM" ;
--------------------------------------------------------
--  DDL for Table REVIEW
--------------------------------------------------------

  CREATE TABLE "MARKETFULLY"."REVIEW" 
   (	"PR_CODE" NUMBER, 
	"RE_NUM" NUMBER, 
	"RE_TITLE" VARCHAR2(60 BYTE), 
	"RE_WRITER" VARCHAR2(30 BYTE), 
	"RE_CONTENT" CLOB, 
	"RE_THANK" NUMBER, 
	"RE_COUNT" NUMBER, 
	"RE_STATUS" VARCHAR2(3 BYTE), 
	"RE_ORIGN" VARCHAR2(90 BYTE), 
	"RE_RENAME" VARCHAR2(90 BYTE), 
	"RE_DATE" DATE, 
	"MEM_NUM" NUMBER, 
	"OR_NUM" NUMBER
   ) SEGMENT CREATION IMMEDIATE 
  PCTFREE 10 PCTUSED 40 INITRANS 1 MAXTRANS 255 NOCOMPRESS LOGGING
  STORAGE(INITIAL 65536 NEXT 1048576 MINEXTENTS 1 MAXEXTENTS 2147483645
  PCTINCREASE 0 FREELISTS 1 FREELIST GROUPS 1 BUFFER_POOL DEFAULT FLASH_CACHE DEFAULT CELL_FLASH_CACHE DEFAULT)
  TABLESPACE "SYSTEM" 
 LOB ("RE_CONTENT") STORE AS BASICFILE (
  TABLESPACE "SYSTEM" ENABLE STORAGE IN ROW CHUNK 8192 RETENTION 
  NOCACHE LOGGING 
  STORAGE(INITIAL 65536 NEXT 1048576 MINEXTENTS 1 MAXEXTENTS 2147483645
  PCTINCREASE 0 FREELISTS 1 FREELIST GROUPS 1 BUFFER_POOL DEFAULT FLASH_CACHE DEFAULT CELL_FLASH_CACHE DEFAULT)) ;
--------------------------------------------------------
--  DDL for Table SHIP
--------------------------------------------------------

  CREATE TABLE "MARKETFULLY"."SHIP" 
   (	"SHIP_CODE" NUMBER, 
	"SHIP_NAME" VARCHAR2(30 BYTE)
   ) SEGMENT CREATION IMMEDIATE 
  PCTFREE 10 PCTUSED 40 INITRANS 1 MAXTRANS 255 NOCOMPRESS LOGGING
  STORAGE(INITIAL 65536 NEXT 1048576 MINEXTENTS 1 MAXEXTENTS 2147483645
  PCTINCREASE 0 FREELISTS 1 FREELIST GROUPS 1 BUFFER_POOL DEFAULT FLASH_CACHE DEFAULT CELL_FLASH_CACHE DEFAULT)
  TABLESPACE "SYSTEM" ;
--------------------------------------------------------
--  DDL for Table SHIPPING
--------------------------------------------------------

  CREATE TABLE "MARKETFULLY"."SHIPPING" 
   (	"SHIPPING_CODE" NUMBER, 
	"SHIPPING_STATUS" VARCHAR2(30 BYTE), 
	"SHIPPING_PRICE" NUMBER, 
	"RECEIVER_NAME" VARCHAR2(30 BYTE), 
	"RECEIVER_ADDR" VARCHAR2(600 BYTE), 
	"RECEIVER_PHONE" VARCHAR2(50 BYTE), 
	"SHIP_CODE" NUMBER, 
	"SHIPPING_REQUEST" CLOB, 
	"SHIPPING_DATE" DATE, 
	"OR_NUM" NUMBER
   ) SEGMENT CREATION IMMEDIATE 
  PCTFREE 10 PCTUSED 40 INITRANS 1 MAXTRANS 255 NOCOMPRESS LOGGING
  STORAGE(INITIAL 65536 NEXT 1048576 MINEXTENTS 1 MAXEXTENTS 2147483645
  PCTINCREASE 0 FREELISTS 1 FREELIST GROUPS 1 BUFFER_POOL DEFAULT FLASH_CACHE DEFAULT CELL_FLASH_CACHE DEFAULT)
  TABLESPACE "SYSTEM" 
 LOB ("SHIPPING_REQUEST") STORE AS BASICFILE (
  TABLESPACE "SYSTEM" ENABLE STORAGE IN ROW CHUNK 8192 RETENTION 
  NOCACHE LOGGING 
  STORAGE(INITIAL 65536 NEXT 1048576 MINEXTENTS 1 MAXEXTENTS 2147483645
  PCTINCREASE 0 FREELISTS 1 FREELIST GROUPS 1 BUFFER_POOL DEFAULT FLASH_CACHE DEFAULT CELL_FLASH_CACHE DEFAULT)) ;

   COMMENT ON COLUMN "MARKETFULLY"."SHIPPING"."SHIPPING_CODE" IS '배송번호(N)';
   COMMENT ON COLUMN "MARKETFULLY"."SHIPPING"."OR_NUM" IS '주문번호(N)';
--------------------------------------------------------
--  DDL for Table SUBCATE
--------------------------------------------------------

  CREATE TABLE "MARKETFULLY"."SUBCATE" 
   (	"UPCATECODE" VARCHAR2(30 BYTE), 
	"CATECODE2" VARCHAR2(30 BYTE), 
	"CATENAME2" VARCHAR2(30 BYTE)
   ) SEGMENT CREATION IMMEDIATE 
  PCTFREE 10 PCTUSED 40 INITRANS 1 MAXTRANS 255 NOCOMPRESS LOGGING
  STORAGE(INITIAL 65536 NEXT 1048576 MINEXTENTS 1 MAXEXTENTS 2147483645
  PCTINCREASE 0 FREELISTS 1 FREELIST GROUPS 1 BUFFER_POOL DEFAULT FLASH_CACHE DEFAULT CELL_FLASH_CACHE DEFAULT)
  TABLESPACE "SYSTEM" ;
--------------------------------------------------------
--  DDL for Table TV_BOARD_LIKE
--------------------------------------------------------

  CREATE TABLE "MARKETFULLY"."TV_BOARD_LIKE" 
   (	"MEM_NUM" NUMBER, 
	"TMB_NUM" NUMBER
   ) SEGMENT CREATION IMMEDIATE 
  PCTFREE 10 PCTUSED 40 INITRANS 1 MAXTRANS 255 NOCOMPRESS LOGGING
  STORAGE(INITIAL 65536 NEXT 1048576 MINEXTENTS 1 MAXEXTENTS 2147483645
  PCTINCREASE 0 FREELISTS 1 FREELIST GROUPS 1 BUFFER_POOL DEFAULT FLASH_CACHE DEFAULT CELL_FLASH_CACHE DEFAULT)
  TABLESPACE "SYSTEM" ;
--------------------------------------------------------
--  DDL for Table TV_MENU_BOARD
--------------------------------------------------------

  CREATE TABLE "MARKETFULLY"."TV_MENU_BOARD" 
   (	"TMB_NUM" NUMBER, 
	"TMB_TITLE" VARCHAR2(60 BYTE), 
	"TMB_CONTENT" CLOB, 
	"TMB_CDATE" DATE, 
	"TMB_WRITER" VARCHAR2(30 BYTE), 
	"TMB_ORIGIN" VARCHAR2(90 BYTE), 
	"TMB_RENAME" VARCHAR2(90 BYTE), 
	"TMB_THANK" NUMBER, 
	"TMB_COUNT" NUMBER, 
	"TMB_RCOUNT" NUMBER, 
	"TMB_STATUS" VARCHAR2(3 BYTE), 
	"MC_CATE_NUM" NUMBER, 
	"TMB_SERVING" NUMBER, 
	"TMB_TIME" NUMBER, 
	"TMB_LEVEL" NUMBER
   ) SEGMENT CREATION IMMEDIATE 
  PCTFREE 10 PCTUSED 40 INITRANS 1 MAXTRANS 255 NOCOMPRESS LOGGING
  STORAGE(INITIAL 65536 NEXT 1048576 MINEXTENTS 1 MAXEXTENTS 2147483645
  PCTINCREASE 0 FREELISTS 1 FREELIST GROUPS 1 BUFFER_POOL DEFAULT FLASH_CACHE DEFAULT CELL_FLASH_CACHE DEFAULT)
  TABLESPACE "SYSTEM" 
 LOB ("TMB_CONTENT") STORE AS BASICFILE (
  TABLESPACE "SYSTEM" ENABLE STORAGE IN ROW CHUNK 8192 RETENTION 
  NOCACHE LOGGING 
  STORAGE(INITIAL 65536 NEXT 1048576 MINEXTENTS 1 MAXEXTENTS 2147483645
  PCTINCREASE 0 FREELISTS 1 FREELIST GROUPS 1 BUFFER_POOL DEFAULT FLASH_CACHE DEFAULT CELL_FLASH_CACHE DEFAULT)) ;
--------------------------------------------------------
--  DDL for Table TV_MENU_EXPLAIN
--------------------------------------------------------

  CREATE TABLE "MARKETFULLY"."TV_MENU_EXPLAIN" 
   (	"TMB_NUM" NUMBER, 
	"TME_ORIGIN" VARCHAR2(90 BYTE), 
	"TME_RENAME" VARCHAR2(90 BYTE), 
	"TME_CONTENT" CLOB, 
	"TME_SEQ" NUMBER, 
	"TME_STATUS" VARCHAR2(3 BYTE)
   ) SEGMENT CREATION IMMEDIATE 
  PCTFREE 10 PCTUSED 40 INITRANS 1 MAXTRANS 255 NOCOMPRESS LOGGING
  STORAGE(INITIAL 65536 NEXT 1048576 MINEXTENTS 1 MAXEXTENTS 2147483645
  PCTINCREASE 0 FREELISTS 1 FREELIST GROUPS 1 BUFFER_POOL DEFAULT FLASH_CACHE DEFAULT CELL_FLASH_CACHE DEFAULT)
  TABLESPACE "SYSTEM" 
 LOB ("TME_CONTENT") STORE AS BASICFILE (
  TABLESPACE "SYSTEM" ENABLE STORAGE IN ROW CHUNK 8192 RETENTION 
  NOCACHE LOGGING 
  STORAGE(INITIAL 65536 NEXT 1048576 MINEXTENTS 1 MAXEXTENTS 2147483645
  PCTINCREASE 0 FREELISTS 1 FREELIST GROUPS 1 BUFFER_POOL DEFAULT FLASH_CACHE DEFAULT CELL_FLASH_CACHE DEFAULT)) ;
--------------------------------------------------------
--  DDL for Table TV_MENU_PRODUCT
--------------------------------------------------------

  CREATE TABLE "MARKETFULLY"."TV_MENU_PRODUCT" 
   (	"TMB_NUM" NUMBER, 
	"PR_CODE" NUMBER, 
	"PR_EACH" NUMBER
   ) SEGMENT CREATION IMMEDIATE 
  PCTFREE 10 PCTUSED 40 INITRANS 1 MAXTRANS 255 NOCOMPRESS LOGGING
  STORAGE(INITIAL 65536 NEXT 1048576 MINEXTENTS 1 MAXEXTENTS 2147483645
  PCTINCREASE 0 FREELISTS 1 FREELIST GROUPS 1 BUFFER_POOL DEFAULT FLASH_CACHE DEFAULT CELL_FLASH_CACHE DEFAULT)
  TABLESPACE "SYSTEM" ;

   COMMENT ON COLUMN "MARKETFULLY"."TV_MENU_PRODUCT"."PR_CODE" IS '상품코드(N)';
--------------------------------------------------------
--  DDL for Table TV_MENU_REPLY
--------------------------------------------------------

  CREATE TABLE "MARKETFULLY"."TV_MENU_REPLY" 
   (	"TMR_NUM" NUMBER, 
	"TMB_NUM" NUMBER, 
	"TMR_CONTENT" CLOB, 
	"TMR_WRITER" VARCHAR2(30 BYTE), 
	"TMR_CDATE" DATE, 
	"TMR_THANK" NUMBER DEFAULT 0, 
	"TMR_STATUS" VARCHAR2(3 BYTE)
   ) SEGMENT CREATION IMMEDIATE 
  PCTFREE 10 PCTUSED 40 INITRANS 1 MAXTRANS 255 NOCOMPRESS LOGGING
  STORAGE(INITIAL 65536 NEXT 1048576 MINEXTENTS 1 MAXEXTENTS 2147483645
  PCTINCREASE 0 FREELISTS 1 FREELIST GROUPS 1 BUFFER_POOL DEFAULT FLASH_CACHE DEFAULT CELL_FLASH_CACHE DEFAULT)
  TABLESPACE "SYSTEM" 
 LOB ("TMR_CONTENT") STORE AS BASICFILE (
  TABLESPACE "SYSTEM" ENABLE STORAGE IN ROW CHUNK 8192 RETENTION 
  NOCACHE LOGGING 
  STORAGE(INITIAL 65536 NEXT 1048576 MINEXTENTS 1 MAXEXTENTS 2147483645
  PCTINCREASE 0 FREELISTS 1 FREELIST GROUPS 1 BUFFER_POOL DEFAULT FLASH_CACHE DEFAULT CELL_FLASH_CACHE DEFAULT)) ;
--------------------------------------------------------
--  DDL for Table USER_BOARD_LIKE
--------------------------------------------------------

  CREATE TABLE "MARKETFULLY"."USER_BOARD_LIKE" 
   (	"MEM_NUM" NUMBER, 
	"UMB_NUM" NUMBER
   ) SEGMENT CREATION IMMEDIATE 
  PCTFREE 10 PCTUSED 40 INITRANS 1 MAXTRANS 255 NOCOMPRESS LOGGING
  STORAGE(INITIAL 65536 NEXT 1048576 MINEXTENTS 1 MAXEXTENTS 2147483645
  PCTINCREASE 0 FREELISTS 1 FREELIST GROUPS 1 BUFFER_POOL DEFAULT FLASH_CACHE DEFAULT CELL_FLASH_CACHE DEFAULT)
  TABLESPACE "SYSTEM" ;
--------------------------------------------------------
--  DDL for Table USER_MENU_BOARD
--------------------------------------------------------

  CREATE TABLE "MARKETFULLY"."USER_MENU_BOARD" 
   (	"UMB_NUM" NUMBER, 
	"UMB_TITLE" VARCHAR2(60 BYTE), 
	"UMB_CONTENT" CLOB, 
	"UMB_CDATE" DATE, 
	"UMB_WRITER" VARCHAR2(30 BYTE), 
	"UMB_ORIGIN" VARCHAR2(90 BYTE), 
	"UMB_RENAME" VARCHAR2(90 BYTE), 
	"UMB_THANK" NUMBER, 
	"UMB_COUNT" NUMBER, 
	"UMB_RCOUNT" NUMBER, 
	"UMB_STATUS" VARCHAR2(3 BYTE), 
	"MC_CATE_NUM" NUMBER, 
	"UMB_SERVING" NUMBER, 
	"UMB_TIME" NUMBER, 
	"UMB_LEVEL" NUMBER
   ) SEGMENT CREATION IMMEDIATE 
  PCTFREE 10 PCTUSED 40 INITRANS 1 MAXTRANS 255 NOCOMPRESS LOGGING
  STORAGE(INITIAL 65536 NEXT 1048576 MINEXTENTS 1 MAXEXTENTS 2147483645
  PCTINCREASE 0 FREELISTS 1 FREELIST GROUPS 1 BUFFER_POOL DEFAULT FLASH_CACHE DEFAULT CELL_FLASH_CACHE DEFAULT)
  TABLESPACE "SYSTEM" 
 LOB ("UMB_CONTENT") STORE AS BASICFILE (
  TABLESPACE "SYSTEM" ENABLE STORAGE IN ROW CHUNK 8192 RETENTION 
  NOCACHE LOGGING 
  STORAGE(INITIAL 65536 NEXT 1048576 MINEXTENTS 1 MAXEXTENTS 2147483645
  PCTINCREASE 0 FREELISTS 1 FREELIST GROUPS 1 BUFFER_POOL DEFAULT FLASH_CACHE DEFAULT CELL_FLASH_CACHE DEFAULT)) ;
--------------------------------------------------------
--  DDL for Table USER_MENU_EXPLAIN
--------------------------------------------------------

  CREATE TABLE "MARKETFULLY"."USER_MENU_EXPLAIN" 
   (	"UMB_NUM" NUMBER, 
	"UME_ORIGIN" VARCHAR2(90 BYTE), 
	"UME_RENAME" VARCHAR2(90 BYTE), 
	"UME_CONTENT" CLOB, 
	"UME_SEQ" NUMBER, 
	"UME_STATUS" VARCHAR2(3 BYTE)
   ) SEGMENT CREATION IMMEDIATE 
  PCTFREE 10 PCTUSED 40 INITRANS 1 MAXTRANS 255 NOCOMPRESS LOGGING
  STORAGE(INITIAL 65536 NEXT 1048576 MINEXTENTS 1 MAXEXTENTS 2147483645
  PCTINCREASE 0 FREELISTS 1 FREELIST GROUPS 1 BUFFER_POOL DEFAULT FLASH_CACHE DEFAULT CELL_FLASH_CACHE DEFAULT)
  TABLESPACE "SYSTEM" 
 LOB ("UME_CONTENT") STORE AS BASICFILE (
  TABLESPACE "SYSTEM" ENABLE STORAGE IN ROW CHUNK 8192 RETENTION 
  NOCACHE LOGGING 
  STORAGE(INITIAL 65536 NEXT 1048576 MINEXTENTS 1 MAXEXTENTS 2147483645
  PCTINCREASE 0 FREELISTS 1 FREELIST GROUPS 1 BUFFER_POOL DEFAULT FLASH_CACHE DEFAULT CELL_FLASH_CACHE DEFAULT)) ;
--------------------------------------------------------
--  DDL for Table USER_MENU_PRODUCT
--------------------------------------------------------

  CREATE TABLE "MARKETFULLY"."USER_MENU_PRODUCT" 
   (	"UMB_NUM" NUMBER, 
	"PR_CODE" NUMBER, 
	"PR_EACH" NUMBER
   ) SEGMENT CREATION IMMEDIATE 
  PCTFREE 10 PCTUSED 40 INITRANS 1 MAXTRANS 255 NOCOMPRESS LOGGING
  STORAGE(INITIAL 65536 NEXT 1048576 MINEXTENTS 1 MAXEXTENTS 2147483645
  PCTINCREASE 0 FREELISTS 1 FREELIST GROUPS 1 BUFFER_POOL DEFAULT FLASH_CACHE DEFAULT CELL_FLASH_CACHE DEFAULT)
  TABLESPACE "SYSTEM" ;
--------------------------------------------------------
--  DDL for Table USER_MENU_REPLY
--------------------------------------------------------

  CREATE TABLE "MARKETFULLY"."USER_MENU_REPLY" 
   (	"UMR_NUM" NUMBER, 
	"UMB_NUM" NUMBER, 
	"UMR_CONTENT" CLOB, 
	"UMR_WRITER" VARCHAR2(30 BYTE), 
	"UMR_CDATE" DATE, 
	"UMR_THANK" NUMBER DEFAULT 0, 
	"UMR_STATUS" VARCHAR2(3 BYTE)
   ) SEGMENT CREATION IMMEDIATE 
  PCTFREE 10 PCTUSED 40 INITRANS 1 MAXTRANS 255 NOCOMPRESS LOGGING
  STORAGE(INITIAL 65536 NEXT 1048576 MINEXTENTS 1 MAXEXTENTS 2147483645
  PCTINCREASE 0 FREELISTS 1 FREELIST GROUPS 1 BUFFER_POOL DEFAULT FLASH_CACHE DEFAULT CELL_FLASH_CACHE DEFAULT)
  TABLESPACE "SYSTEM" 
 LOB ("UMR_CONTENT") STORE AS BASICFILE (
  TABLESPACE "SYSTEM" ENABLE STORAGE IN ROW CHUNK 8192 RETENTION 
  NOCACHE LOGGING 
  STORAGE(INITIAL 65536 NEXT 1048576 MINEXTENTS 1 MAXEXTENTS 2147483645
  PCTINCREASE 0 FREELISTS 1 FREELIST GROUPS 1 BUFFER_POOL DEFAULT FLASH_CACHE DEFAULT CELL_FLASH_CACHE DEFAULT)) ;
REM INSERTING into MARKETFULLY.BOARDLIKE
SET DEFINE OFF;
REM INSERTING into MARKETFULLY.CATE1
SET DEFINE OFF;
Insert into MARKETFULLY.CATE1 (CATECODE1,CATENAME1,Y_INDEX,RENAMEFILENAME) values ('002','수산물','2','20200430225609.png');
Insert into MARKETFULLY.CATE1 (CATECODE1,CATENAME1,Y_INDEX,RENAMEFILENAME) values ('003','유제품','3','20200501010826.png');
Insert into MARKETFULLY.CATE1 (CATECODE1,CATENAME1,Y_INDEX,RENAMEFILENAME) values ('004','장류','4','20200430231544.png');
Insert into MARKETFULLY.CATE1 (CATECODE1,CATENAME1,Y_INDEX,RENAMEFILENAME) values ('005','면류','5','20200501011830.PNG');
Insert into MARKETFULLY.CATE1 (CATECODE1,CATENAME1,Y_INDEX,RENAMEFILENAME) values ('006','떡','6','20200501023227.png');
Insert into MARKETFULLY.CATE1 (CATECODE1,CATENAME1,Y_INDEX,RENAMEFILENAME) values ('000','육류','0','20200430225526.png');
Insert into MARKETFULLY.CATE1 (CATECODE1,CATENAME1,Y_INDEX,RENAMEFILENAME) values ('001','채소','1','20200430225551.png');
Insert into MARKETFULLY.CATE1 (CATECODE1,CATENAME1,Y_INDEX,RENAMEFILENAME) values ('007','밀가루','7','20200501122640.jpg');
REM INSERTING into MARKETFULLY.CATE2
SET DEFINE OFF;
Insert into MARKETFULLY.CATE2 (UPCATECODE,CATECODE2,CATENAME2,Y_INDEX) values ('001','000','파프리카/고추','0');
Insert into MARKETFULLY.CATE2 (UPCATECODE,CATECODE2,CATENAME2,Y_INDEX) values ('004','000','간장/고추장','0');
Insert into MARKETFULLY.CATE2 (UPCATECODE,CATECODE2,CATENAME2,Y_INDEX) values ('006','000','떡볶이떡','0');
Insert into MARKETFULLY.CATE2 (UPCATECODE,CATECODE2,CATENAME2,Y_INDEX) values ('003','000','우유','0');
Insert into MARKETFULLY.CATE2 (UPCATECODE,CATECODE2,CATENAME2,Y_INDEX) values ('005','000','우동/라면','0');
Insert into MARKETFULLY.CATE2 (UPCATECODE,CATECODE2,CATENAME2,Y_INDEX) values ('001','001','김장채소','1');
Insert into MARKETFULLY.CATE2 (UPCATECODE,CATECODE2,CATENAME2,Y_INDEX) values ('004','001','된장/쌈장','1');
Insert into MARKETFULLY.CATE2 (UPCATECODE,CATECODE2,CATENAME2,Y_INDEX) values ('006','001','떡국떡','1');
Insert into MARKETFULLY.CATE2 (UPCATECODE,CATECODE2,CATENAME2,Y_INDEX) values ('005','001','스파게티/소','1');
Insert into MARKETFULLY.CATE2 (UPCATECODE,CATECODE2,CATENAME2,Y_INDEX) values ('000','001','소고기','1');
Insert into MARKETFULLY.CATE2 (UPCATECODE,CATECODE2,CATENAME2,Y_INDEX) values ('003','001','치즈','1');
Insert into MARKETFULLY.CATE2 (UPCATECODE,CATECODE2,CATENAME2,Y_INDEX) values ('006','002','밀떡','2');
Insert into MARKETFULLY.CATE2 (UPCATECODE,CATECODE2,CATENAME2,Y_INDEX) values ('001','002','버섯','2');
Insert into MARKETFULLY.CATE2 (UPCATECODE,CATECODE2,CATENAME2,Y_INDEX) values ('000','002','닭고기','2');
Insert into MARKETFULLY.CATE2 (UPCATECODE,CATECODE2,CATENAME2,Y_INDEX) values ('005','002','라면','2');
Insert into MARKETFULLY.CATE2 (UPCATECODE,CATECODE2,CATENAME2,Y_INDEX) values ('004','002','소스','2');
Insert into MARKETFULLY.CATE2 (UPCATECODE,CATECODE2,CATENAME2,Y_INDEX) values ('003','002','버터','2');
Insert into MARKETFULLY.CATE2 (UPCATECODE,CATECODE2,CATENAME2,Y_INDEX) values ('001','003','나물','3');
Insert into MARKETFULLY.CATE2 (UPCATECODE,CATECODE2,CATENAME2,Y_INDEX) values ('001','004','양파/마늘','4');
Insert into MARKETFULLY.CATE2 (UPCATECODE,CATECODE2,CATENAME2,Y_INDEX) values ('001','005','감자/고구마','5');
Insert into MARKETFULLY.CATE2 (UPCATECODE,CATECODE2,CATENAME2,Y_INDEX) values ('000','000','돼지고기','0');
Insert into MARKETFULLY.CATE2 (UPCATECODE,CATECODE2,CATENAME2,Y_INDEX) values ('002','001','어류','0');
REM INSERTING into MARKETFULLY.FAVORITE
SET DEFINE OFF;
Insert into MARKETFULLY.FAVORITE (MEM_NUM,MB_BO_NUM,MB_NUM) values (3,20,2);
Insert into MARKETFULLY.FAVORITE (MEM_NUM,MB_BO_NUM,MB_NUM) values (3,3,1);
Insert into MARKETFULLY.FAVORITE (MEM_NUM,MB_BO_NUM,MB_NUM) values (4,5,1);
Insert into MARKETFULLY.FAVORITE (MEM_NUM,MB_BO_NUM,MB_NUM) values (8,23,2);
REM INSERTING into MARKETFULLY.MAINCATE
SET DEFINE OFF;
REM INSERTING into MARKETFULLY.MEMBER
SET DEFINE OFF;
Insert into MARKETFULLY.MEMBER (MEM_NUM,MEM_ID,MEM_PWD,MEM_EMAIL,MEM_PHONE,MEM_ADDR,MEM_NAME,MEM_GENDER,MEM_BIRTH,MEM_POINT,MEM_PROFILE,MEM_STATUS,SHIPPING_CODE,MEM_GRADE,MEM_CERT,MEM_SMS_AGREE,MEM_EMAIL_AGREE) values (1,'test1','1234','sunyub7485@naver.com','01049217314','02717,서울특별시 성북구 보국문로12길 24-4,정릉4동 402-81','김선엽','남',to_date('95/02/20','RR/MM/DD'),0,null,'Y',0,'SILVER','Y','N','N');
Insert into MARKETFULLY.MEMBER (MEM_NUM,MEM_ID,MEM_PWD,MEM_EMAIL,MEM_PHONE,MEM_ADDR,MEM_NAME,MEM_GENDER,MEM_BIRTH,MEM_POINT,MEM_PROFILE,MEM_STATUS,SHIPPING_CODE,MEM_GRADE,MEM_CERT,MEM_SMS_AGREE,MEM_EMAIL_AGREE) values (2,'test2','1234','sunyub7485@naver.com','01049217314','02717,강원 영월군 상동읍 태백산로 2092 (내덕리),감자가맛있어유','김선엽','여',to_date('95/02/20','RR/MM/DD'),0,null,'Y',0,'SILVER','Y','Y','Y');
Insert into MARKETFULLY.MEMBER (MEM_NUM,MEM_ID,MEM_PWD,MEM_EMAIL,MEM_PHONE,MEM_ADDR,MEM_NAME,MEM_GENDER,MEM_BIRTH,MEM_POINT,MEM_PROFILE,MEM_STATUS,SHIPPING_CODE,MEM_GRADE,MEM_CERT,MEM_SMS_AGREE,MEM_EMAIL_AGREE) values (3,'test3','1234','sunyub7485@naver.com','01049217314','02717,강원 영월군 상동읍 태백산로 2092 (내덕리),감자가맛있어유','김선엽',null,null,0,null,'Y',0,'SILVER','Y',null,null);
Insert into MARKETFULLY.MEMBER (MEM_NUM,MEM_ID,MEM_PWD,MEM_EMAIL,MEM_PHONE,MEM_ADDR,MEM_NAME,MEM_GENDER,MEM_BIRTH,MEM_POINT,MEM_PROFILE,MEM_STATUS,SHIPPING_CODE,MEM_GRADE,MEM_CERT,MEM_SMS_AGREE,MEM_EMAIL_AGREE) values (4,'test4','1234','sunyub7485@naver.com','01049217314','02717,서울특별시 성북구 보국문로12길 24-4,다리밑에 기왓집','김선엽','남',to_date('95/01/21','RR/MM/DD'),0,null,'Y',0,'SILVER','Y','Y,Y',null);
Insert into MARKETFULLY.MEMBER (MEM_NUM,MEM_ID,MEM_PWD,MEM_EMAIL,MEM_PHONE,MEM_ADDR,MEM_NAME,MEM_GENDER,MEM_BIRTH,MEM_POINT,MEM_PROFILE,MEM_STATUS,SHIPPING_CODE,MEM_GRADE,MEM_CERT,MEM_SMS_AGREE,MEM_EMAIL_AGREE) values (5,'test5','1234','sunyub7485@naver.com','01049217314','02717,경기 성남시 분당구 판교역로 4 (백현동),감자가맛있어유','관리자','여',to_date('88/12/12','RR/MM/DD'),0,null,'Y',0,'SILVER','Y','Y','Y');
Insert into MARKETFULLY.MEMBER (MEM_NUM,MEM_ID,MEM_PWD,MEM_EMAIL,MEM_PHONE,MEM_ADDR,MEM_NAME,MEM_GENDER,MEM_BIRTH,MEM_POINT,MEM_PROFILE,MEM_STATUS,SHIPPING_CODE,MEM_GRADE,MEM_CERT,MEM_SMS_AGREE,MEM_EMAIL_AGREE) values (6,'test6','1234','1234','01049217314','02717,강원 영월군 상동읍 태백산로 2092 (내덕리),감자가맛있어유','김선엽',null,null,0,null,'Y',0,'SILVER','Y',null,null);
Insert into MARKETFULLY.MEMBER (MEM_NUM,MEM_ID,MEM_PWD,MEM_EMAIL,MEM_PHONE,MEM_ADDR,MEM_NAME,MEM_GENDER,MEM_BIRTH,MEM_POINT,MEM_PROFILE,MEM_STATUS,SHIPPING_CODE,MEM_GRADE,MEM_CERT,MEM_SMS_AGREE,MEM_EMAIL_AGREE) values (7,'test7','1234','sunyub7485@naver.com','01049217314','02717,강원 영월군 상동읍 태백산로 2092 (내덕리),감자가맛있어유','김선엽','여',to_date('95/02/20','RR/MM/DD'),0,null,'Y',0,'SILVER','Y','Y','Y');
Insert into MARKETFULLY.MEMBER (MEM_NUM,MEM_ID,MEM_PWD,MEM_EMAIL,MEM_PHONE,MEM_ADDR,MEM_NAME,MEM_GENDER,MEM_BIRTH,MEM_POINT,MEM_PROFILE,MEM_STATUS,SHIPPING_CODE,MEM_GRADE,MEM_CERT,MEM_SMS_AGREE,MEM_EMAIL_AGREE) values (8,'test8','1234','sunyub7485@naver.com','01049217314','02717,강원 영월군 상동읍 태백산로 2092 (내덕리),감자가맛있어유','김선엽',null,null,0,null,'Y',0,'SILVER','Y',null,null);
Insert into MARKETFULLY.MEMBER (MEM_NUM,MEM_ID,MEM_PWD,MEM_EMAIL,MEM_PHONE,MEM_ADDR,MEM_NAME,MEM_GENDER,MEM_BIRTH,MEM_POINT,MEM_PROFILE,MEM_STATUS,SHIPPING_CODE,MEM_GRADE,MEM_CERT,MEM_SMS_AGREE,MEM_EMAIL_AGREE) values (9,'test123','tjqdl7485','sunyub7485@naver.com','01049217314','06134,서울특별시 강남구 테헤란로 101,(역삼동)','김선엽','남',to_date('95/02/20','RR/MM/DD'),0,null,'Y',0,'SILVER','Y','Y','Y');
Insert into MARKETFULLY.MEMBER (MEM_NUM,MEM_ID,MEM_PWD,MEM_EMAIL,MEM_PHONE,MEM_ADDR,MEM_NAME,MEM_GENDER,MEM_BIRTH,MEM_POINT,MEM_PROFILE,MEM_STATUS,SHIPPING_CODE,MEM_GRADE,MEM_CERT,MEM_SMS_AGREE,MEM_EMAIL_AGREE) values (10,'test','2345','sunyub7485@naver.com','01049217314','02717,서울특별시 성북구 보국문로12길 24-4,(정릉동)','김선엽','남',to_date('95/02/20','RR/MM/DD'),0,null,'Y',0,'SILVER','Y','Y,Y',null);
Insert into MARKETFULLY.MEMBER (MEM_NUM,MEM_ID,MEM_PWD,MEM_EMAIL,MEM_PHONE,MEM_ADDR,MEM_NAME,MEM_GENDER,MEM_BIRTH,MEM_POINT,MEM_PROFILE,MEM_STATUS,SHIPPING_CODE,MEM_GRADE,MEM_CERT,MEM_SMS_AGREE,MEM_EMAIL_AGREE) values (11,'n2tros','zzzzzzzzzzzz','sunyub7485@naver.com','01049217314','06134,서울특별시 강남구 테헤란로 101,(역삼동)','김선엽',null,null,0,null,'Y',0,'SILVER','Y',null,null);
Insert into MARKETFULLY.MEMBER (MEM_NUM,MEM_ID,MEM_PWD,MEM_EMAIL,MEM_PHONE,MEM_ADDR,MEM_NAME,MEM_GENDER,MEM_BIRTH,MEM_POINT,MEM_PROFILE,MEM_STATUS,SHIPPING_CODE,MEM_GRADE,MEM_CERT,MEM_SMS_AGREE,MEM_EMAIL_AGREE) values (999,'admin','1234','sunyub7485@naver.com','01049217314','06134,서울특별시 강남구 테헤란로 101,(역삼동)','김선엽','남',null,0,null,'Y',0,'SILVER','Y',null,null);
Insert into MARKETFULLY.MEMBER (MEM_NUM,MEM_ID,MEM_PWD,MEM_EMAIL,MEM_PHONE,MEM_ADDR,MEM_NAME,MEM_GENDER,MEM_BIRTH,MEM_POINT,MEM_PROFILE,MEM_STATUS,SHIPPING_CODE,MEM_GRADE,MEM_CERT,MEM_SMS_AGREE,MEM_EMAIL_AGREE) values (13,'chlalrud123','5H8252eSAAOpja4VnLcy','sunyub7485@naver.com','01049217314','06134,서울특별시 강남구 테헤란로 101,(역삼동)','최미경','여',to_date('95/02/20','RR/MM/DD'),0,null,'Y',0,'SILVER','Y','Y','Y');
Insert into MARKETFULLY.MEMBER (MEM_NUM,MEM_ID,MEM_PWD,MEM_EMAIL,MEM_PHONE,MEM_ADDR,MEM_NAME,MEM_GENDER,MEM_BIRTH,MEM_POINT,MEM_PROFILE,MEM_STATUS,SHIPPING_CODE,MEM_GRADE,MEM_CERT,MEM_SMS_AGREE,MEM_EMAIL_AGREE) values (14,'tjsdls0724','zpdldpdlcl','tjsdls0724@naver.com','01071230539','16433,경기도 수원시 팔달구 수성로244번길 25,(화서동, 화서위브하늘채)','김선인','남',to_date('92/07/24','RR/MM/DD'),0,null,'Y',0,'SILVER','Y','Y','Y');
Insert into MARKETFULLY.MEMBER (MEM_NUM,MEM_ID,MEM_PWD,MEM_EMAIL,MEM_PHONE,MEM_ADDR,MEM_NAME,MEM_GENDER,MEM_BIRTH,MEM_POINT,MEM_PROFILE,MEM_STATUS,SHIPPING_CODE,MEM_GRADE,MEM_CERT,MEM_SMS_AGREE,MEM_EMAIL_AGREE) values (15,'sunyub7485','jv8kJ3nyDt0QrDiJX6T1','sunyub7485@naver.com','01049217314','06134,서울특별시 강남구 테헤란로 101,(역삼동)','김선엽','남',to_date('95/02/20','RR/MM/DD'),0,null,'Y',0,'SILVER','Y','Y','Y');
REM INSERTING into MARKETFULLY.MENU_CATEGORY
SET DEFINE OFF;
Insert into MARKETFULLY.MENU_CATEGORY (MC_CATE_NUM,MC_NAME,MC_STATUS) values (1,'강식당','Y');
Insert into MARKETFULLY.MENU_CATEGORY (MC_CATE_NUM,MC_NAME,MC_STATUS) values (2,'수미네 반찬','Y');
Insert into MARKETFULLY.MENU_CATEGORY (MC_CATE_NUM,MC_NAME,MC_STATUS) values (3,'집밥백선생','N');
Insert into MARKETFULLY.MENU_CATEGORY (MC_CATE_NUM,MC_NAME,MC_STATUS) values (4,'최고의 요리비결','Y');
Insert into MARKETFULLY.MENU_CATEGORY (MC_CATE_NUM,MC_NAME,MC_STATUS) values (101,'전체','Y');
Insert into MARKETFULLY.MENU_CATEGORY (MC_CATE_NUM,MC_NAME,MC_STATUS) values (102,'한식','Y');
Insert into MARKETFULLY.MENU_CATEGORY (MC_CATE_NUM,MC_NAME,MC_STATUS) values (103,'양식','Y');
Insert into MARKETFULLY.MENU_CATEGORY (MC_CATE_NUM,MC_NAME,MC_STATUS) values (104,'일식','Y');
Insert into MARKETFULLY.MENU_CATEGORY (MC_CATE_NUM,MC_NAME,MC_STATUS) values (105,'중식','Y');
Insert into MARKETFULLY.MENU_CATEGORY (MC_CATE_NUM,MC_NAME,MC_STATUS) values (106,'기타','Y');
Insert into MARKETFULLY.MENU_CATEGORY (MC_CATE_NUM,MC_NAME,MC_STATUS) values (6,'미센교','N');
Insert into MARKETFULLY.MENU_CATEGORY (MC_CATE_NUM,MC_NAME,MC_STATUS) values (7,'정보교육원','Y');
Insert into MARKETFULLY.MENU_CATEGORY (MC_CATE_NUM,MC_NAME,MC_STATUS) values (5,'현지에서먹힐까?','Y');
REM INSERTING into MARKETFULLY.MENU_EXPLAIN
SET DEFINE OFF;
REM INSERTING into MARKETFULLY.MENU_PRODUCT
SET DEFINE OFF;
REM INSERTING into MARKETFULLY.MENU_REPLY
SET DEFINE OFF;
REM INSERTING into MARKETFULLY.MILEAGE
SET DEFINE OFF;
REM INSERTING into MARKETFULLY.MIROTIC
SET DEFINE OFF;
Insert into MARKETFULLY.MIROTIC (OR_NUM,MB_NUM,MB_EACH,PR_CODE,PR_EACH,OR_TOTAL,OR_DATE,OR_STATUS,SENDER_NAME,SENDER_ADDR,SENDER_PHONE,SHIPPING_CODE,MEM_NUM) values (32,0,0,777,2,6050,to_date('20/04/26','RR/MM/DD'),'0','user01',null,'44',0,3);
Insert into MARKETFULLY.MIROTIC (OR_NUM,MB_NUM,MB_EACH,PR_CODE,PR_EACH,OR_TOTAL,OR_DATE,OR_STATUS,SENDER_NAME,SENDER_ADDR,SENDER_PHONE,SHIPPING_CODE,MEM_NUM) values (33,0,0,666,3,6050,to_date('20/04/26','RR/MM/DD'),'0','user01','서울특별시 동작구 사당로 2','44',0,3);
Insert into MARKETFULLY.MIROTIC (OR_NUM,MB_NUM,MB_EACH,PR_CODE,PR_EACH,OR_TOTAL,OR_DATE,OR_STATUS,SENDER_NAME,SENDER_ADDR,SENDER_PHONE,SHIPPING_CODE,MEM_NUM) values (33,0,0,777,2,6050,to_date('20/04/26','RR/MM/DD'),'0','user01','서울특별시 동작구 사당로 2','44',0,3);
Insert into MARKETFULLY.MIROTIC (OR_NUM,MB_NUM,MB_EACH,PR_CODE,PR_EACH,OR_TOTAL,OR_DATE,OR_STATUS,SENDER_NAME,SENDER_ADDR,SENDER_PHONE,SHIPPING_CODE,MEM_NUM) values (34,0,0,666,3,6050,to_date('20/04/26','RR/MM/DD'),'0','user01','서울특별시 동작구 사당로 2','44',0,3);
Insert into MARKETFULLY.MIROTIC (OR_NUM,MB_NUM,MB_EACH,PR_CODE,PR_EACH,OR_TOTAL,OR_DATE,OR_STATUS,SENDER_NAME,SENDER_ADDR,SENDER_PHONE,SHIPPING_CODE,MEM_NUM) values (34,0,0,777,2,6050,to_date('20/04/26','RR/MM/DD'),'0','user01','서울특별시 동작구 사당로 2','44',0,3);
Insert into MARKETFULLY.MIROTIC (OR_NUM,MB_NUM,MB_EACH,PR_CODE,PR_EACH,OR_TOTAL,OR_DATE,OR_STATUS,SENDER_NAME,SENDER_ADDR,SENDER_PHONE,SHIPPING_CODE,MEM_NUM) values (35,0,0,666,3,6050,to_date('20/04/26','RR/MM/DD'),'0','user01','서울특별시 동작구 사당로 2','44',0,3);
Insert into MARKETFULLY.MIROTIC (OR_NUM,MB_NUM,MB_EACH,PR_CODE,PR_EACH,OR_TOTAL,OR_DATE,OR_STATUS,SENDER_NAME,SENDER_ADDR,SENDER_PHONE,SHIPPING_CODE,MEM_NUM) values (35,0,0,777,2,6050,to_date('20/04/26','RR/MM/DD'),'0','user01','서울특별시 동작구 사당로 2','44',0,3);
Insert into MARKETFULLY.MIROTIC (OR_NUM,MB_NUM,MB_EACH,PR_CODE,PR_EACH,OR_TOTAL,OR_DATE,OR_STATUS,SENDER_NAME,SENDER_ADDR,SENDER_PHONE,SHIPPING_CODE,MEM_NUM) values (36,0,0,666,3,6050,to_date('20/04/26','RR/MM/DD'),'0','user01','서울특별시 동작구 사당로 4','44',0,3);
Insert into MARKETFULLY.MIROTIC (OR_NUM,MB_NUM,MB_EACH,PR_CODE,PR_EACH,OR_TOTAL,OR_DATE,OR_STATUS,SENDER_NAME,SENDER_ADDR,SENDER_PHONE,SHIPPING_CODE,MEM_NUM) values (36,0,0,777,2,6050,to_date('20/04/26','RR/MM/DD'),'0','user01','서울특별시 동작구 사당로 4','44',0,3);
Insert into MARKETFULLY.MIROTIC (OR_NUM,MB_NUM,MB_EACH,PR_CODE,PR_EACH,OR_TOTAL,OR_DATE,OR_STATUS,SENDER_NAME,SENDER_ADDR,SENDER_PHONE,SHIPPING_CODE,MEM_NUM) values (37,0,0,666,3,8150,to_date('20/04/27','RR/MM/DD'),'0','user01','서울특별시 동작구 사당로 2','44',0,3);
Insert into MARKETFULLY.MIROTIC (OR_NUM,MB_NUM,MB_EACH,PR_CODE,PR_EACH,OR_TOTAL,OR_DATE,OR_STATUS,SENDER_NAME,SENDER_ADDR,SENDER_PHONE,SHIPPING_CODE,MEM_NUM) values (37,0,0,777,5,8150,to_date('20/04/27','RR/MM/DD'),'0','user01','서울특별시 동작구 사당로 2','44',0,3);
Insert into MARKETFULLY.MIROTIC (OR_NUM,MB_NUM,MB_EACH,PR_CODE,PR_EACH,OR_TOTAL,OR_DATE,OR_STATUS,SENDER_NAME,SENDER_ADDR,SENDER_PHONE,SHIPPING_CODE,MEM_NUM) values (31,0,0,666,3,6050,to_date('19/11/26','RR/MM/DD'),'0','user01',null,'44',0,3);
Insert into MARKETFULLY.MIROTIC (OR_NUM,MB_NUM,MB_EACH,PR_CODE,PR_EACH,OR_TOTAL,OR_DATE,OR_STATUS,SENDER_NAME,SENDER_ADDR,SENDER_PHONE,SHIPPING_CODE,MEM_NUM) values (38,0,0,666,3,8150,to_date('20/04/27','RR/MM/DD'),'0','user01',null,'44',0,3);
Insert into MARKETFULLY.MIROTIC (OR_NUM,MB_NUM,MB_EACH,PR_CODE,PR_EACH,OR_TOTAL,OR_DATE,OR_STATUS,SENDER_NAME,SENDER_ADDR,SENDER_PHONE,SHIPPING_CODE,MEM_NUM) values (38,0,0,777,5,8150,to_date('20/04/27','RR/MM/DD'),'0','user01',null,'44',0,3);
Insert into MARKETFULLY.MIROTIC (OR_NUM,MB_NUM,MB_EACH,PR_CODE,PR_EACH,OR_TOTAL,OR_DATE,OR_STATUS,SENDER_NAME,SENDER_ADDR,SENDER_PHONE,SHIPPING_CODE,MEM_NUM) values (31,0,0,777,2,6050,to_date('19/12/26','RR/MM/DD'),'0','user01',null,'44',0,3);
Insert into MARKETFULLY.MIROTIC (OR_NUM,MB_NUM,MB_EACH,PR_CODE,PR_EACH,OR_TOTAL,OR_DATE,OR_STATUS,SENDER_NAME,SENDER_ADDR,SENDER_PHONE,SHIPPING_CODE,MEM_NUM) values (32,0,0,666,3,6050,to_date('20/04/26','RR/MM/DD'),'0','user01',null,'44',0,3);
Insert into MARKETFULLY.MIROTIC (OR_NUM,MB_NUM,MB_EACH,PR_CODE,PR_EACH,OR_TOTAL,OR_DATE,OR_STATUS,SENDER_NAME,SENDER_ADDR,SENDER_PHONE,SHIPPING_CODE,MEM_NUM) values (33,0,0,666,3,6050,to_date('20/03/26','RR/MM/DD'),'0','user01',null,'44',0,3);
Insert into MARKETFULLY.MIROTIC (OR_NUM,MB_NUM,MB_EACH,PR_CODE,PR_EACH,OR_TOTAL,OR_DATE,OR_STATUS,SENDER_NAME,SENDER_ADDR,SENDER_PHONE,SHIPPING_CODE,MEM_NUM) values (34,0,0,666,3,6050,to_date('20/02/26','RR/MM/DD'),'0','user01',null,'44',0,3);
Insert into MARKETFULLY.MIROTIC (OR_NUM,MB_NUM,MB_EACH,PR_CODE,PR_EACH,OR_TOTAL,OR_DATE,OR_STATUS,SENDER_NAME,SENDER_ADDR,SENDER_PHONE,SHIPPING_CODE,MEM_NUM) values (35,0,0,666,3,6050,to_date('20/01/26','RR/MM/DD'),'0','user01',null,'44',0,3);
Insert into MARKETFULLY.MIROTIC (OR_NUM,MB_NUM,MB_EACH,PR_CODE,PR_EACH,OR_TOTAL,OR_DATE,OR_STATUS,SENDER_NAME,SENDER_ADDR,SENDER_PHONE,SHIPPING_CODE,MEM_NUM) values (39,0,0,777,5,8150,to_date('20/04/17','RR/MM/DD'),'0','user01','서울특별시 동작구 사당로 2','44',0,3);
Insert into MARKETFULLY.MIROTIC (OR_NUM,MB_NUM,MB_EACH,PR_CODE,PR_EACH,OR_TOTAL,OR_DATE,OR_STATUS,SENDER_NAME,SENDER_ADDR,SENDER_PHONE,SHIPPING_CODE,MEM_NUM) values (39,0,0,666,3,8150,to_date('20/04/07','RR/MM/DD'),'0','user01','서울특별시 동작구 사당로 2','44',0,3);
Insert into MARKETFULLY.MIROTIC (OR_NUM,MB_NUM,MB_EACH,PR_CODE,PR_EACH,OR_TOTAL,OR_DATE,OR_STATUS,SENDER_NAME,SENDER_ADDR,SENDER_PHONE,SHIPPING_CODE,MEM_NUM) values (40,0,0,777,5,8150,to_date('20/03/22','RR/MM/DD'),'0','user01',null,'44',0,3);
Insert into MARKETFULLY.MIROTIC (OR_NUM,MB_NUM,MB_EACH,PR_CODE,PR_EACH,OR_TOTAL,OR_DATE,OR_STATUS,SENDER_NAME,SENDER_ADDR,SENDER_PHONE,SHIPPING_CODE,MEM_NUM) values (40,0,0,666,3,8150,to_date('20/03/30','RR/MM/DD'),'0','user01',null,'44',0,3);
Insert into MARKETFULLY.MIROTIC (OR_NUM,MB_NUM,MB_EACH,PR_CODE,PR_EACH,OR_TOTAL,OR_DATE,OR_STATUS,SENDER_NAME,SENDER_ADDR,SENDER_PHONE,SHIPPING_CODE,MEM_NUM) values (38,0,0,777,5,8150,to_date('20/04/29','RR/MM/DD'),'0','user01',null,'44',0,3);
Insert into MARKETFULLY.MIROTIC (OR_NUM,MB_NUM,MB_EACH,PR_CODE,PR_EACH,OR_TOTAL,OR_DATE,OR_STATUS,SENDER_NAME,SENDER_ADDR,SENDER_PHONE,SHIPPING_CODE,MEM_NUM) values (38,0,0,777,5,8150,to_date('20/04/28','RR/MM/DD'),'0','user01',null,'44',0,3);
Insert into MARKETFULLY.MIROTIC (OR_NUM,MB_NUM,MB_EACH,PR_CODE,PR_EACH,OR_TOTAL,OR_DATE,OR_STATUS,SENDER_NAME,SENDER_ADDR,SENDER_PHONE,SHIPPING_CODE,MEM_NUM) values (18,0,0,61,3,51000,to_date('20/04/29','RR/MM/DD'),'결제취소','최미경','06134,서울특별시 강남구 테헤란로 101,(역삼동)','01049217314',0,13);
Insert into MARKETFULLY.MIROTIC (OR_NUM,MB_NUM,MB_EACH,PR_CODE,PR_EACH,OR_TOTAL,OR_DATE,OR_STATUS,SENDER_NAME,SENDER_ADDR,SENDER_PHONE,SHIPPING_CODE,MEM_NUM) values (41,0,0,111,3,51000,to_date('20/04/30','RR/MM/DD'),'입금확인','최미경','06134,서울특별시 강남구 테헤란로 101,(역삼동)','01049217314',888,8);
Insert into MARKETFULLY.MIROTIC (OR_NUM,MB_NUM,MB_EACH,PR_CODE,PR_EACH,OR_TOTAL,OR_DATE,OR_STATUS,SENDER_NAME,SENDER_ADDR,SENDER_PHONE,SHIPPING_CODE,MEM_NUM) values (41,0,0,111,3,51000,to_date('20/04/30','RR/MM/DD'),'입금확인','최미경','06134,서울특별시 강남구 테헤란로 101,(역삼동)','01049217314',888,8);
Insert into MARKETFULLY.MIROTIC (OR_NUM,MB_NUM,MB_EACH,PR_CODE,PR_EACH,OR_TOTAL,OR_DATE,OR_STATUS,SENDER_NAME,SENDER_ADDR,SENDER_PHONE,SHIPPING_CODE,MEM_NUM) values (19,0,0,191,1,4380,to_date('20/05/01','RR/MM/DD'),'입금확인','김선엽','02717,강원 영월군 상동읍 태백산로 2092 (내덕리),감자가맛있어유','01049217314',0,2);
Insert into MARKETFULLY.MIROTIC (OR_NUM,MB_NUM,MB_EACH,PR_CODE,PR_EACH,OR_TOTAL,OR_DATE,OR_STATUS,SENDER_NAME,SENDER_ADDR,SENDER_PHONE,SHIPPING_CODE,MEM_NUM) values (18,0,0,190,1,4380,to_date('20/05/01','RR/MM/DD'),'입금확인','김선엽','02717,강원 영월군 상동읍 태백산로 2092 (내덕리),감자가맛있어유','01049217314',0,10);
Insert into MARKETFULLY.MIROTIC (OR_NUM,MB_NUM,MB_EACH,PR_CODE,PR_EACH,OR_TOTAL,OR_DATE,OR_STATUS,SENDER_NAME,SENDER_ADDR,SENDER_PHONE,SHIPPING_CODE,MEM_NUM) values (17,0,0,188,1,4380,to_date('20/05/01','RR/MM/DD'),'입금확인','김선엽','02717,강원 영월군 상동읍 태백산로 2092 (내덕리),감자가맛있어유','01049217314',0,10);
Insert into MARKETFULLY.MIROTIC (OR_NUM,MB_NUM,MB_EACH,PR_CODE,PR_EACH,OR_TOTAL,OR_DATE,OR_STATUS,SENDER_NAME,SENDER_ADDR,SENDER_PHONE,SHIPPING_CODE,MEM_NUM) values (20,0,0,212,1,4890,to_date('20/05/01','RR/MM/DD'),'입금확인','김선엽','06134,서울특별시 강남구 테헤란로 101,(역삼동)','01049217314',0,15);
REM INSERTING into MARKETFULLY.MYBAG
SET DEFINE OFF;
Insert into MARKETFULLY.MYBAG (MEM_NUM,MB_BO_NUM,MB_NUM,PR_CODE,PR_EACH) values (3,0,0,102,1);
Insert into MARKETFULLY.MYBAG (MEM_NUM,MB_BO_NUM,MB_NUM,PR_CODE,PR_EACH) values (3,0,0,106,1);
Insert into MARKETFULLY.MYBAG (MEM_NUM,MB_BO_NUM,MB_NUM,PR_CODE,PR_EACH) values (5,0,0,101,1);
Insert into MARKETFULLY.MYBAG (MEM_NUM,MB_BO_NUM,MB_NUM,PR_CODE,PR_EACH) values (15,0,0,212,3);
Insert into MARKETFULLY.MYBAG (MEM_NUM,MB_BO_NUM,MB_NUM,PR_CODE,PR_EACH) values (3,0,0,98,1);
Insert into MARKETFULLY.MYBAG (MEM_NUM,MB_BO_NUM,MB_NUM,PR_CODE,PR_EACH) values (8,0,0,114,1);
REM INSERTING into MARKETFULLY.NOTICE
SET DEFINE OFF;
Insert into MARKETFULLY.NOTICE (NOTICE_NUM,NOTICE_TITLE,NOTICE_CONTENT,NOTICE_WRITER,NOTICE_CDATE,NOTICE_STATUS,NOTICE_COUNT) values (1,'첫 공지1','하하하','김선인',null,'Y',99);
Insert into MARKETFULLY.NOTICE (NOTICE_NUM,NOTICE_TITLE,NOTICE_CONTENT,NOTICE_WRITER,NOTICE_CDATE,NOTICE_STATUS,NOTICE_COUNT) values (2,'4월 30일 공지사항입니다','코로나 조심하세요','test4',to_date('20/05/01','RR/MM/DD'),'Y',0);
Insert into MARKETFULLY.NOTICE (NOTICE_NUM,NOTICE_TITLE,NOTICE_CONTENT,NOTICE_WRITER,NOTICE_CDATE,NOTICE_STATUS,NOTICE_COUNT) values (3,'4월 30일 공지사항입니다','ㅇㅇㅇㅇㅇ','test1',to_date('20/05/01','RR/MM/DD'),'Y',0);
Insert into MARKETFULLY.NOTICE (NOTICE_NUM,NOTICE_TITLE,NOTICE_CONTENT,NOTICE_WRITER,NOTICE_CDATE,NOTICE_STATUS,NOTICE_COUNT) values (4,'공지입니다','513123123','test4',to_date('20/05/01','RR/MM/DD'),'Y',0);
REM INSERTING into MARKETFULLY.ORDER_DETAIL
SET DEFINE OFF;
REM INSERTING into MARKETFULLY.PRODUCT
SET DEFINE OFF;
Insert into MARKETFULLY.PRODUCT (PR_CODE,PR_CATE1,PR_CATE2,PR_NAME,PR_PRICE,PR_CARLORY,PR_SIZE,PR_ENTITY,ORIGINAL_FILE_NAME,RENAME_FILE_NAME) values (99,'000','002','[하림/자연실록]냉장 닭가슴살',9730,385,'400g',213,'[하림자연실록]냉장 닭가슴살 (400g).PNG','20200430175304.PNG');
Insert into MARKETFULLY.PRODUCT (PR_CODE,PR_CATE1,PR_CATE2,PR_NAME,PR_PRICE,PR_CARLORY,PR_SIZE,PR_ENTITY,ORIGINAL_FILE_NAME,RENAME_FILE_NAME) values (100,'000','002','[하림/자연실록]냉장 통닭',13400,532,'830g',8900,'[하림자연실록]냉장 통닭 (830g).PNG','20200430175708.PNG');
Insert into MARKETFULLY.PRODUCT (PR_CODE,PR_CATE1,PR_CATE2,PR_NAME,PR_PRICE,PR_CARLORY,PR_SIZE,PR_ENTITY,ORIGINAL_FILE_NAME,RENAME_FILE_NAME) values (101,'000','000','[해발500포크]냉장목심수육용',8200,368,'400g',231,'[해발500포크]냉장목심수육용400g.jpg','20200430180258.jpg');
Insert into MARKETFULLY.PRODUCT (PR_CODE,PR_CATE1,PR_CATE2,PR_NAME,PR_PRICE,PR_CARLORY,PR_SIZE,PR_ENTITY,ORIGINAL_FILE_NAME,RENAME_FILE_NAME) values (102,'000','000','[해발500포크]냉장미박뒷다리불고기용',9310,358,'500g',211,'[해발500포크]냉장미박뒷다리불고기용500g.PNG','20200430180555.PNG');
Insert into MARKETFULLY.PRODUCT (PR_CODE,PR_CATE1,PR_CATE2,PR_NAME,PR_PRICE,PR_CARLORY,PR_SIZE,PR_ENTITY,ORIGINAL_FILE_NAME,RENAME_FILE_NAME) values (103,'000','000','[해발500포크]냉장미박삼겹살수육용',8000,381,'400g',27,'[해발500포크]냉장미박삼겹살구이용400g.PNG','20200430182342.PNG');
Insert into MARKETFULLY.PRODUCT (PR_CODE,PR_CATE1,PR_CATE2,PR_NAME,PR_PRICE,PR_CARLORY,PR_SIZE,PR_ENTITY,ORIGINAL_FILE_NAME,RENAME_FILE_NAME) values (104,'000','000','[해발500포크]냉장미박앞다리찌개용',10000,340,'500g',111,'[해발500포크]냉장미박앞다리찌개용500g.PNG','20200430182552.PNG');
Insert into MARKETFULLY.PRODUCT (PR_CODE,PR_CATE1,PR_CATE2,PR_NAME,PR_PRICE,PR_CARLORY,PR_SIZE,PR_ENTITY,ORIGINAL_FILE_NAME,RENAME_FILE_NAME) values (105,'000','001','상주축협 명실상감 한우 사태',22100,216,'200g',223,'1++등급한우사태400g.PNG','20200430182740.PNG');
Insert into MARKETFULLY.PRODUCT (PR_CODE,PR_CATE1,PR_CATE2,PR_NAME,PR_PRICE,PR_CARLORY,PR_SIZE,PR_ENTITY,ORIGINAL_FILE_NAME,RENAME_FILE_NAME) values (93,'000','000','[냉동] 한돈 대패삼겹살',5500,300,'300g',110,'[설성목장]무항생제 한돈 대패삼겹살300g (냉동).jpg','20200430173812.jpg');
Insert into MARKETFULLY.PRODUCT (PR_CODE,PR_CATE1,PR_CATE2,PR_NAME,PR_PRICE,PR_CARLORY,PR_SIZE,PR_ENTITY,ORIGINAL_FILE_NAME,RENAME_FILE_NAME) values (94,'000','002','[하림] 냉장 닭 아랫날개',6600,458,'500g',46,'[하림] 냉장 닭 아랫날개 (윙) (500g).PNG','20200430173957.PNG');
Insert into MARKETFULLY.PRODUCT (PR_CODE,PR_CATE1,PR_CATE2,PR_NAME,PR_PRICE,PR_CARLORY,PR_SIZE,PR_ENTITY,ORIGINAL_FILE_NAME,RENAME_FILE_NAME) values (95,'000','002','[하림] 냉장 백숙용 생닭 ',6900,990,'1kg',46,'[하림] 냉장 백숙용 생닭 (1kg).PNG','20200430174118.PNG');
Insert into MARKETFULLY.PRODUCT (PR_CODE,PR_CATE1,PR_CATE2,PR_NAME,PR_PRICE,PR_CARLORY,PR_SIZE,PR_ENTITY,ORIGINAL_FILE_NAME,RENAME_FILE_NAME) values (96,'000','002','[하림] 참진 토종닭 (볶음탕용)',17000,1281,'1000g',410,'[하림] 참진 토종닭 (볶음탕용) (1,000g).PNG','20200430174313.PNG');
Insert into MARKETFULLY.PRODUCT (PR_CODE,PR_CATE1,PR_CATE2,PR_NAME,PR_PRICE,PR_CARLORY,PR_SIZE,PR_ENTITY,ORIGINAL_FILE_NAME,RENAME_FILE_NAME) values (97,'000','002','[하림]참진 오골계(냉동)',11000,551,'700g',500,'[하림]참진 오골계(냉동) 700g.PNG','20200430174716.PNG');
Insert into MARKETFULLY.PRODUCT (PR_CODE,PR_CATE1,PR_CATE2,PR_NAME,PR_PRICE,PR_CARLORY,PR_SIZE,PR_ENTITY,ORIGINAL_FILE_NAME,RENAME_FILE_NAME) values (98,'000','002','[하림/자연실록] 냉장 닭 안심',10500,412,'350g',200,'[하림자연실록] 냉장 닭 안심 (350g).PNG','20200430175112.PNG');
Insert into MARKETFULLY.PRODUCT (PR_CODE,PR_CATE1,PR_CATE2,PR_NAME,PR_PRICE,PR_CARLORY,PR_SIZE,PR_ENTITY,ORIGINAL_FILE_NAME,RENAME_FILE_NAME) values (88,'000','000','[더느림] 냉장 갈비 찜용 500g',7750,770,'500g',440,'[더느림] 냉장 갈비 찜용 500g.PNG','20200430172629.PNG');
Insert into MARKETFULLY.PRODUCT (PR_CODE,PR_CATE1,PR_CATE2,PR_NAME,PR_PRICE,PR_CARLORY,PR_SIZE,PR_ENTITY,ORIGINAL_FILE_NAME,RENAME_FILE_NAME) values (89,'000','000','[더느림] 냉장 칼집구이용 미박 삼겹살',12000,203,'400g',5,'[더느림] 냉장 칼집구이용 미박 삼겹살 400g.PNG','20200430172902.PNG');
Insert into MARKETFULLY.PRODUCT (PR_CODE,PR_CATE1,PR_CATE2,PR_NAME,PR_PRICE,PR_CARLORY,PR_SIZE,PR_ENTITY,ORIGINAL_FILE_NAME,RENAME_FILE_NAME) values (90,'000','000','천천히 키워 건강한 돼지의 항정살',7200,291,'400g',54,'[더느림] 냉장 항정살 400g.PNG','20200430173413.PNG');
Insert into MARKETFULLY.PRODUCT (PR_CODE,PR_CATE1,PR_CATE2,PR_NAME,PR_PRICE,PR_CARLORY,PR_SIZE,PR_ENTITY,ORIGINAL_FILE_NAME,RENAME_FILE_NAME) values (91,'000','000','[도야흑심] 냉장 앞다리 수육용 500g',9500,786,'500g',113,'[도야흑심] 냉장 앞다리 수육용 500g.PNG','20200430173526.PNG');
Insert into MARKETFULLY.PRODUCT (PR_CODE,PR_CATE1,PR_CATE2,PR_NAME,PR_PRICE,PR_CARLORY,PR_SIZE,PR_ENTITY,ORIGINAL_FILE_NAME,RENAME_FILE_NAME) values (92,'000','000','[설성목장]무항생제 한돈 냉장 목살구이용',7500,601,'400g',65,'[설성목장]무항생제 한돈 냉장 목살구이용 400g (냉장).PNG','20200430173646.PNG');
Insert into MARKETFULLY.PRODUCT (PR_CODE,PR_CATE1,PR_CATE2,PR_NAME,PR_PRICE,PR_CARLORY,PR_SIZE,PR_ENTITY,ORIGINAL_FILE_NAME,RENAME_FILE_NAME) values (78,'002','001','[냉동] 영광 참굴비_520g',19800,64,'520g',117,'3.png','20200430164600.png');
Insert into MARKETFULLY.PRODUCT (PR_CODE,PR_CATE1,PR_CATE2,PR_NAME,PR_PRICE,PR_CARLORY,PR_SIZE,PR_ENTITY,ORIGINAL_FILE_NAME,RENAME_FILE_NAME) values (79,'002','001','[냉장] 손질 숙성 임연수_500g',9980,443,'500g',59,'4.png','20200430164717.png');
Insert into MARKETFULLY.PRODUCT (PR_CODE,PR_CATE1,PR_CATE2,PR_NAME,PR_PRICE,PR_CARLORY,PR_SIZE,PR_ENTITY,ORIGINAL_FILE_NAME,RENAME_FILE_NAME) values (80,'002','001','[냉동][노르웨이] 가시없는 고등어',7800,543,'350g',221,'5.png','20200430164822.png');
Insert into MARKETFULLY.PRODUCT (PR_CODE,PR_CATE1,PR_CATE2,PR_NAME,PR_PRICE,PR_CARLORY,PR_SIZE,PR_ENTITY,ORIGINAL_FILE_NAME,RENAME_FILE_NAME) values (81,'002','001','[냉장][전자레인지OK!] 간편 갈치 구이',8800,532,'200g',810,'6.png','20200430164957.png');
Insert into MARKETFULLY.PRODUCT (PR_CODE,PR_CATE1,PR_CATE2,PR_NAME,PR_PRICE,PR_CARLORY,PR_SIZE,PR_ENTITY,ORIGINAL_FILE_NAME,RENAME_FILE_NAME) values (82,'002','001','[남도장터]성지 엮걸이 굴비 40미 14.5-16cm',16200,291,'1.2kg',24,'7.png','20200430165113.png');
Insert into MARKETFULLY.PRODUCT (PR_CODE,PR_CATE1,PR_CATE2,PR_NAME,PR_PRICE,PR_CARLORY,PR_SIZE,PR_ENTITY,ORIGINAL_FILE_NAME,RENAME_FILE_NAME) values (83,'002','001','간편하게 손질된 바다장어 3마리',14900,431,'240g',91,'8.png','20200430165238.png');
Insert into MARKETFULLY.PRODUCT (PR_CODE,PR_CATE1,PR_CATE2,PR_NAME,PR_PRICE,PR_CARLORY,PR_SIZE,PR_ENTITY,ORIGINAL_FILE_NAME,RENAME_FILE_NAME) values (84,'000','000','[설성목장]무항생제 한돈 대패삼겹살300g (냉동)',12800,495,'300g',107,'[냉동] 한돈 대패삼겹살300g(팩).PNG','20200430170628.PNG');
Insert into MARKETFULLY.PRODUCT (PR_CODE,PR_CATE1,PR_CATE2,PR_NAME,PR_PRICE,PR_CARLORY,PR_SIZE,PR_ENTITY,ORIGINAL_FILE_NAME,RENAME_FILE_NAME) values (85,'000','002','[냉동]제주닭 볶음탕용',13500,1341,'1000 g',273,'[냉동]제주닭 볶음탕용 1000 g_1.PNG','20200430171353.PNG');
Insert into MARKETFULLY.PRODUCT (PR_CODE,PR_CATE1,PR_CATE2,PR_NAME,PR_PRICE,PR_CARLORY,PR_SIZE,PR_ENTITY,ORIGINAL_FILE_NAME,RENAME_FILE_NAME) values (86,'000','000','[해발500포크]냉장미박앞다리찌개용',7400,813,'500g',200,'[냉장] 돈육 삼겹살 구이용 300g.PNG','20200430171856.PNG');
Insert into MARKETFULLY.PRODUCT (PR_CODE,PR_CATE1,PR_CATE2,PR_NAME,PR_PRICE,PR_CARLORY,PR_SIZE,PR_ENTITY,ORIGINAL_FILE_NAME,RENAME_FILE_NAME) values (87,'000','001','[냉장] 한우 정육 찹스테이크용',9800,441,'150g ',100,'[냉장] 한우 정육 찹스테이크용 150g.PNG','20200430172122.PNG');
Insert into MARKETFULLY.PRODUCT (PR_CODE,PR_CATE1,PR_CATE2,PR_NAME,PR_PRICE,PR_CARLORY,PR_SIZE,PR_ENTITY,ORIGINAL_FILE_NAME,RENAME_FILE_NAME) values (76,'002','001','[냉동] 노르웨이 고등어살_900g (노르웨이산)',12800,1129,'900g ',52,'1.png','20200430163729.png');
Insert into MARKETFULLY.PRODUCT (PR_CODE,PR_CATE1,PR_CATE2,PR_NAME,PR_PRICE,PR_CARLORY,PR_SIZE,PR_ENTITY,ORIGINAL_FILE_NAME,RENAME_FILE_NAME) values (77,'002','001','[냉장] 파이브스타 훈제연어_180g (노르웨이산)',8010,334,'180g',157,'2.png','20200430163849.png');
Insert into MARKETFULLY.PRODUCT (PR_CODE,PR_CATE1,PR_CATE2,PR_NAME,PR_PRICE,PR_CARLORY,PR_SIZE,PR_ENTITY,ORIGINAL_FILE_NAME,RENAME_FILE_NAME) values (106,'000','001','1등급 해드림 한우 안심',16000,333,'400g',152,'1등급해드림한우안심400g.PNG','20200430182908.PNG');
Insert into MARKETFULLY.PRODUCT (PR_CODE,PR_CATE1,PR_CATE2,PR_NAME,PR_PRICE,PR_CARLORY,PR_SIZE,PR_ENTITY,ORIGINAL_FILE_NAME,RENAME_FILE_NAME) values (107,'000','001','내산 소고기 차돌박이',6300,511,'150g',141,'국내산차돌박이_150g.jpg','20200430183014.jpg');
Insert into MARKETFULLY.PRODUCT (PR_CODE,PR_CATE1,PR_CATE2,PR_NAME,PR_PRICE,PR_CARLORY,PR_SIZE,PR_ENTITY,ORIGINAL_FILE_NAME,RENAME_FILE_NAME) values (108,'000','001','냉장한우짜장 카레용1등급',18000,419,'500g',80,'내장한우짜장,카레용_1등급_500g.PNG','20200430183138.PNG');
Insert into MARKETFULLY.PRODUCT (PR_CODE,PR_CATE1,PR_CATE2,PR_NAME,PR_PRICE,PR_CARLORY,PR_SIZE,PR_ENTITY,ORIGINAL_FILE_NAME,RENAME_FILE_NAME) values (109,'000','001','냉장 한우국거리',7900,280,'300G',61,'냉장한우국거리300g.PNG','20200430183329.PNG');
Insert into MARKETFULLY.PRODUCT (PR_CODE,PR_CATE1,PR_CATE2,PR_NAME,PR_PRICE,PR_CARLORY,PR_SIZE,PR_ENTITY,ORIGINAL_FILE_NAME,RENAME_FILE_NAME) values (110,'000','001','농협안심한우 양지 국거리용 1+등급',13100,413,'200g',723,'농협안심한우 토시살 구이용 1+등급 200g.jpg','20200430183440.jpg');
Insert into MARKETFULLY.PRODUCT (PR_CODE,PR_CATE1,PR_CATE2,PR_NAME,PR_PRICE,PR_CARLORY,PR_SIZE,PR_ENTITY,ORIGINAL_FILE_NAME,RENAME_FILE_NAME) values (111,'000','001','농협안심한우 홍두깨 장조림용 1+등급',10000,375,'200g',700,'농협안심한우_홍두깨_장조림용_1+등급200g.jpg','20200430183657.jpg');
Insert into MARKETFULLY.PRODUCT (PR_CODE,PR_CATE1,PR_CATE2,PR_NAME,PR_PRICE,PR_CARLORY,PR_SIZE,PR_ENTITY,ORIGINAL_FILE_NAME,RENAME_FILE_NAME) values (112,'000','001','[홍천축협] 늘푸름 홍천한우 냉장국거리 사태',34000,869,'600g',481,'늘푸름 홍천한우 냉장국거리 사태(600g).PNG','20200430183821.PNG');
Insert into MARKETFULLY.PRODUCT (PR_CODE,PR_CATE1,PR_CATE2,PR_NAME,PR_PRICE,PR_CARLORY,PR_SIZE,PR_ENTITY,ORIGINAL_FILE_NAME,RENAME_FILE_NAME) values (113,'000','001','암소한우 잡채용(정육) 1등급',26000,348,'200',512,'암소한우_잡채용(정육)_1등급_200g._1jpg.PNG','20200430184025.PNG');
Insert into MARKETFULLY.PRODUCT (PR_CODE,PR_CATE1,PR_CATE2,PR_NAME,PR_PRICE,PR_CARLORY,PR_SIZE,PR_ENTITY,ORIGINAL_FILE_NAME,RENAME_FILE_NAME) values (114,'000','001','무항생제한우 부채살스테이크용 1등급 ',22000,400,'200g',100,'항생제한우_부채살스테이크용1등급_200g.PNG','20200430184224.PNG');
Insert into MARKETFULLY.PRODUCT (PR_CODE,PR_CATE1,PR_CATE2,PR_NAME,PR_PRICE,PR_CARLORY,PR_SIZE,PR_ENTITY,ORIGINAL_FILE_NAME,RENAME_FILE_NAME) values (115,'000','001','횡성축협한우 육전용',18400,491,'300g',600,'횡성축협한우육전용300g.PNG','20200430184443.PNG');
Insert into MARKETFULLY.PRODUCT (PR_CODE,PR_CATE1,PR_CATE2,PR_NAME,PR_PRICE,PR_CARLORY,PR_SIZE,PR_ENTITY,ORIGINAL_FILE_NAME,RENAME_FILE_NAME) values (116,'003','000','[서울우유] 저지방 우유 1000ml',2800,400,'1000ml',222,'[서울우유] 저지방 우유 1000ml.PNG','20200430185723.PNG');
Insert into MARKETFULLY.PRODUCT (PR_CODE,PR_CATE1,PR_CATE2,PR_NAME,PR_PRICE,PR_CARLORY,PR_SIZE,PR_ENTITY,ORIGINAL_FILE_NAME,RENAME_FILE_NAME) values (118,'003','000','[피코크] 우유(1등급) 1000ml',2390,650,'1000ml',336,'[피코크] 우유(1등급) 1000ml.PNG','20200430185900.PNG');
Insert into MARKETFULLY.PRODUCT (PR_CODE,PR_CATE1,PR_CATE2,PR_NAME,PR_PRICE,PR_CARLORY,PR_SIZE,PR_ENTITY,ORIGINAL_FILE_NAME,RENAME_FILE_NAME) values (120,'003','000','[빙그레] 바나나맛 우유 Value 6팩(240ml*6개)',7000,1210,'1440ml',119,'4.PNG','20200430190107.PNG');
Insert into MARKETFULLY.PRODUCT (PR_CODE,PR_CATE1,PR_CATE2,PR_NAME,PR_PRICE,PR_CARLORY,PR_SIZE,PR_ENTITY,ORIGINAL_FILE_NAME,RENAME_FILE_NAME) values (121,'003','000','서울 딸기우유 200ml*3입',2390,390,'600ml',123,'6.PNG','20200430190242.PNG');
Insert into MARKETFULLY.PRODUCT (PR_CODE,PR_CATE1,PR_CATE2,PR_NAME,PR_PRICE,PR_CARLORY,PR_SIZE,PR_ENTITY,ORIGINAL_FILE_NAME,RENAME_FILE_NAME) values (122,'003','000','[매일] 아몬드브리즈 오리지널 950ml',2790,0,'950ml',0,'7.PNG','20200430190744.PNG');
Insert into MARKETFULLY.PRODUCT (PR_CODE,PR_CATE1,PR_CATE2,PR_NAME,PR_PRICE,PR_CARLORY,PR_SIZE,PR_ENTITY,ORIGINAL_FILE_NAME,RENAME_FILE_NAME) values (123,'004','000','[샘표] 진간장 금F3 (500ml)',3080,2000,'500ml',200,'1.PNG','20200430191600.PNG');
Insert into MARKETFULLY.PRODUCT (PR_CODE,PR_CATE1,PR_CATE2,PR_NAME,PR_PRICE,PR_CARLORY,PR_SIZE,PR_ENTITY,ORIGINAL_FILE_NAME,RENAME_FILE_NAME) values (124,'004','000','샘표 진간장금F3 1.8L',8900,2000,'1800',100,'2.PNG','20200430194517.PNG');
Insert into MARKETFULLY.PRODUCT (PR_CODE,PR_CATE1,PR_CATE2,PR_NAME,PR_PRICE,PR_CARLORY,PR_SIZE,PR_ENTITY,ORIGINAL_FILE_NAME,RENAME_FILE_NAME) values (125,'003','000','매일두유 99.89',7560,95,'190ml',52,'8.PNG','20200430195143.PNG');
Insert into MARKETFULLY.PRODUCT (PR_CODE,PR_CATE1,PR_CATE2,PR_NAME,PR_PRICE,PR_CARLORY,PR_SIZE,PR_ENTITY,ORIGINAL_FILE_NAME,RENAME_FILE_NAME) values (126,'003','001','소와나무 체다치즈클래식',2380,119,'204g',30,'1.PNG','20200430195347.PNG');
Insert into MARKETFULLY.PRODUCT (PR_CODE,PR_CATE1,PR_CATE2,PR_NAME,PR_PRICE,PR_CARLORY,PR_SIZE,PR_ENTITY,ORIGINAL_FILE_NAME,RENAME_FILE_NAME) values (127,'003','001','[이마트] 진심을 담은 슈레드 모짜렐라 치즈 ',7980,1625,'500g',100,'2.PNG','20200430195607.PNG');
Insert into MARKETFULLY.PRODUCT (PR_CODE,PR_CATE1,PR_CATE2,PR_NAME,PR_PRICE,PR_CARLORY,PR_SIZE,PR_ENTITY,ORIGINAL_FILE_NAME,RENAME_FILE_NAME) values (128,'003','001','노브랜드 체다슬라이스치즈',8580,1304,'900g',88,'3..PNG','20200430195703.PNG');
Insert into MARKETFULLY.PRODUCT (PR_CODE,PR_CATE1,PR_CATE2,PR_NAME,PR_PRICE,PR_CARLORY,PR_SIZE,PR_ENTITY,ORIGINAL_FILE_NAME,RENAME_FILE_NAME) values (130,'003','001','[매일] 상하 리코타치즈',5200,668,'200g',190,'5.PNG','20200430195902.PNG');
Insert into MARKETFULLY.PRODUCT (PR_CODE,PR_CATE1,PR_CATE2,PR_NAME,PR_PRICE,PR_CARLORY,PR_SIZE,PR_ENTITY,ORIGINAL_FILE_NAME,RENAME_FILE_NAME) values (132,'003','001','소와나무 이태리안피자치즈',11800,2400,'800g',163,'7.PNG','20200430200102.PNG');
Insert into MARKETFULLY.PRODUCT (PR_CODE,PR_CATE1,PR_CATE2,PR_NAME,PR_PRICE,PR_CARLORY,PR_SIZE,PR_ENTITY,ORIGINAL_FILE_NAME,RENAME_FILE_NAME) values (133,'004','000','노브랜드 정성가득 진간장 900ml',1880,2000,'900ml',100,'3.PNG','20200430200104.PNG');
Insert into MARKETFULLY.PRODUCT (PR_CODE,PR_CATE1,PR_CATE2,PR_NAME,PR_PRICE,PR_CARLORY,PR_SIZE,PR_ENTITY,ORIGINAL_FILE_NAME,RENAME_FILE_NAME) values (134,'004','000','[청정원] 햇살담은 국간장 500ml',3600,2000,'500ml',150,'4.PNG','20200430200212.PNG');
Insert into MARKETFULLY.PRODUCT (PR_CODE,PR_CATE1,PR_CATE2,PR_NAME,PR_PRICE,PR_CARLORY,PR_SIZE,PR_ENTITY,ORIGINAL_FILE_NAME,RENAME_FILE_NAME) values (135,'003','001','[Be Chef] 파마산 치즈 블랜드',6980,405,'300g',314,'8.PNG','20200430200219.PNG');
Insert into MARKETFULLY.PRODUCT (PR_CODE,PR_CATE1,PR_CATE2,PR_NAME,PR_PRICE,PR_CARLORY,PR_SIZE,PR_ENTITY,ORIGINAL_FILE_NAME,RENAME_FILE_NAME) values (136,'004','000','[샘표] 진간장 금F3 930ml',5480,2000,'930ml',120,'5.PNG','20200430200540.PNG');
Insert into MARKETFULLY.PRODUCT (PR_CODE,PR_CATE1,PR_CATE2,PR_NAME,PR_PRICE,PR_CARLORY,PR_SIZE,PR_ENTITY,ORIGINAL_FILE_NAME,RENAME_FILE_NAME) values (137,'004','000','[샘표] 양조간장 501 930ml',6900,2000,'930ml',130,'6.PNG','20200430200710.PNG');
Insert into MARKETFULLY.PRODUCT (PR_CODE,PR_CATE1,PR_CATE2,PR_NAME,PR_PRICE,PR_CARLORY,PR_SIZE,PR_ENTITY,ORIGINAL_FILE_NAME,RENAME_FILE_NAME) values (138,'003','002','[서울우유] 프레시 버터 80g*3입',6080,1824,'240g',112,'1.PNG','20200430200929.PNG');
Insert into MARKETFULLY.PRODUCT (PR_CODE,PR_CATE1,PR_CATE2,PR_NAME,PR_PRICE,PR_CARLORY,PR_SIZE,PR_ENTITY,ORIGINAL_FILE_NAME,RENAME_FILE_NAME) values (139,'004','000','[샘표] 양조간장 701 500ml ',5700,2000,'500ml ',110,'7.PNG','20200430201032.PNG');
Insert into MARKETFULLY.PRODUCT (PR_CODE,PR_CATE1,PR_CATE2,PR_NAME,PR_PRICE,PR_CARLORY,PR_SIZE,PR_ENTITY,ORIGINAL_FILE_NAME,RENAME_FILE_NAME) values (141,'004','000','[샘표] 국시장국 가쓰오국물 350ml',2680,2000,'350ml',140,'8.PNG','20200430201118.PNG');
Insert into MARKETFULLY.PRODUCT (PR_CODE,PR_CATE1,PR_CATE2,PR_NAME,PR_PRICE,PR_CARLORY,PR_SIZE,PR_ENTITY,ORIGINAL_FILE_NAME,RENAME_FILE_NAME) values (145,'003','002','[피코크] 소금을 넣지 않은 쿠킹버터',8380,3420,'450g',50,'4.PNG','20200430201933.PNG');
Insert into MARKETFULLY.PRODUCT (PR_CODE,PR_CATE1,PR_CATE2,PR_NAME,PR_PRICE,PR_CARLORY,PR_SIZE,PR_ENTITY,ORIGINAL_FILE_NAME,RENAME_FILE_NAME) values (143,'003','002','이즈니 버터',9980,1271,'250g',193,'3.PNG','20200430201816.PNG');
Insert into MARKETFULLY.PRODUCT (PR_CODE,PR_CATE1,PR_CATE2,PR_NAME,PR_PRICE,PR_CARLORY,PR_SIZE,PR_ENTITY,ORIGINAL_FILE_NAME,RENAME_FILE_NAME) values (144,'004','000','[해표] 순창 햅쌀고추장 500g',5380,210,'500g',120,'1.PNG','20200430201818.PNG');
Insert into MARKETFULLY.PRODUCT (PR_CODE,PR_CATE1,PR_CATE2,PR_NAME,PR_PRICE,PR_CARLORY,PR_SIZE,PR_ENTITY,ORIGINAL_FILE_NAME,RENAME_FILE_NAME) values (146,'004','000','팔도비빔장 시그니처',4800,950,'380g',200,'2.PNG','20200430201945.PNG');
Insert into MARKETFULLY.PRODUCT (PR_CODE,PR_CATE1,PR_CATE2,PR_NAME,PR_PRICE,PR_CARLORY,PR_SIZE,PR_ENTITY,ORIGINAL_FILE_NAME,RENAME_FILE_NAME) values (147,'004','000','[청정원] 순창 태양초 찰고추장 200g',2980,1030,'200g',200,'3.PNG','20200430202119.PNG');
Insert into MARKETFULLY.PRODUCT (PR_CODE,PR_CATE1,PR_CATE2,PR_NAME,PR_PRICE,PR_CARLORY,PR_SIZE,PR_ENTITY,ORIGINAL_FILE_NAME,RENAME_FILE_NAME) values (148,'003','002','프리차드 가염버터',5000,1371,'200g',191,'5.PNG','20200430202220.PNG');
Insert into MARKETFULLY.PRODUCT (PR_CODE,PR_CATE1,PR_CATE2,PR_NAME,PR_PRICE,PR_CARLORY,PR_SIZE,PR_ENTITY,ORIGINAL_FILE_NAME,RENAME_FILE_NAME) values (149,'004','000','노브랜드 우리쌀 우리보리 고추장 1kg',6980,900,'1kg',70,'4.PNG','20200430202227.PNG');
Insert into MARKETFULLY.PRODUCT (PR_CODE,PR_CATE1,PR_CATE2,PR_NAME,PR_PRICE,PR_CARLORY,PR_SIZE,PR_ENTITY,ORIGINAL_FILE_NAME,RENAME_FILE_NAME) values (150,'003','002','구르메 엘엔비르 고메 버터',7400,1271,'300g',152,'6.PNG','20200430202312.PNG');
Insert into MARKETFULLY.PRODUCT (PR_CODE,PR_CATE1,PR_CATE2,PR_NAME,PR_PRICE,PR_CARLORY,PR_SIZE,PR_ENTITY,ORIGINAL_FILE_NAME,RENAME_FILE_NAME) values (151,'004','000','[청정원] 순창 태양초 찰고추장 500g',8900,1025,'500g',90,'5.PNG','20200430202346.PNG');
Insert into MARKETFULLY.PRODUCT (PR_CODE,PR_CATE1,PR_CATE2,PR_NAME,PR_PRICE,PR_CARLORY,PR_SIZE,PR_ENTITY,ORIGINAL_FILE_NAME,RENAME_FILE_NAME) values (152,'004','000','[해찬들] 우리쌀로 만든 태양초 골드 고추장 1kg',14700,1020,'1kg',100,'6.PNG','20200430202459.PNG');
Insert into MARKETFULLY.PRODUCT (PR_CODE,PR_CATE1,PR_CATE2,PR_NAME,PR_PRICE,PR_CARLORY,PR_SIZE,PR_ENTITY,ORIGINAL_FILE_NAME,RENAME_FILE_NAME) values (153,'003','002','[이마트] 진심을 담은 버터 스프레더블 200g',3480,1714,'200g',161,'7.PNG','20200430202611.PNG');
Insert into MARKETFULLY.PRODUCT (PR_CODE,PR_CATE1,PR_CATE2,PR_NAME,PR_PRICE,PR_CARLORY,PR_SIZE,PR_ENTITY,ORIGINAL_FILE_NAME,RENAME_FILE_NAME) values (154,'003','002','퓨러티팜스 유기농 기 버터',25200,500,'340g',4123,'8.PNG','20200430202743.PNG');
Insert into MARKETFULLY.PRODUCT (PR_CODE,PR_CATE1,PR_CATE2,PR_NAME,PR_PRICE,PR_CARLORY,PR_SIZE,PR_ENTITY,ORIGINAL_FILE_NAME,RENAME_FILE_NAME) values (155,'004','001','[해찬들] 그대로 끓여먹는 된장찌개 전용 된장 450g',2980,743,'450g',100,'1.PNG','20200430202811.PNG');
Insert into MARKETFULLY.PRODUCT (PR_CODE,PR_CATE1,PR_CATE2,PR_NAME,PR_PRICE,PR_CARLORY,PR_SIZE,PR_ENTITY,ORIGINAL_FILE_NAME,RENAME_FILE_NAME) values (156,'004','001','[청정원] 순창 재래식생된장 1kg',4980,769,'1kg',300,'2.PNG','20200430202942.PNG');
Insert into MARKETFULLY.PRODUCT (PR_CODE,PR_CATE1,PR_CATE2,PR_NAME,PR_PRICE,PR_CARLORY,PR_SIZE,PR_ENTITY,ORIGINAL_FILE_NAME,RENAME_FILE_NAME) values (157,'004','001','[청정원] 순창 재래식생된장 500g',3480,850,'500g',200,'3.PNG','20200430203634.PNG');
Insert into MARKETFULLY.PRODUCT (PR_CODE,PR_CATE1,PR_CATE2,PR_NAME,PR_PRICE,PR_CARLORY,PR_SIZE,PR_ENTITY,ORIGINAL_FILE_NAME,RENAME_FILE_NAME) values (158,'004','001','[청정원] 순창 조개멸치된장 450g',3980,800,'450g',190,'4.PNG','20200430203716.PNG');
Insert into MARKETFULLY.PRODUCT (PR_CODE,PR_CATE1,PR_CATE2,PR_NAME,PR_PRICE,PR_CARLORY,PR_SIZE,PR_ENTITY,ORIGINAL_FILE_NAME,RENAME_FILE_NAME) values (159,'004','001','CJ해찬들 쌈장 500g(사계절)',1950,1000,'500g',279,'1.PNG','20200430203815.PNG');
Insert into MARKETFULLY.PRODUCT (PR_CODE,PR_CATE1,PR_CATE2,PR_NAME,PR_PRICE,PR_CARLORY,PR_SIZE,PR_ENTITY,ORIGINAL_FILE_NAME,RENAME_FILE_NAME) values (160,'004','001','[청정원] 순창 양념듬뿍쌈장 500g',2780,1150,'500g',78,'2.PNG','20200430203932.PNG');
Insert into MARKETFULLY.PRODUCT (PR_CODE,PR_CATE1,PR_CATE2,PR_NAME,PR_PRICE,PR_CARLORY,PR_SIZE,PR_ENTITY,ORIGINAL_FILE_NAME,RENAME_FILE_NAME) values (161,'004','001','CJ해찬들 쌈장 450g(고기전용)',2980,878,'450g',679,'3.PNG','20200430204342.PNG');
Insert into MARKETFULLY.PRODUCT (PR_CODE,PR_CATE1,PR_CATE2,PR_NAME,PR_PRICE,PR_CARLORY,PR_SIZE,PR_ENTITY,ORIGINAL_FILE_NAME,RENAME_FILE_NAME) values (162,'004','001','[청정원] 순창 고기전용쌈장 170g',2200,947,'170g',876,'4.PNG','20200430204459.PNG');
Insert into MARKETFULLY.PRODUCT (PR_CODE,PR_CATE1,PR_CATE2,PR_NAME,PR_PRICE,PR_CARLORY,PR_SIZE,PR_ENTITY,ORIGINAL_FILE_NAME,RENAME_FILE_NAME) values (163,'004','002','[청정원] 피넛 월남쌈소스 240g',3900,240,'240g',980,'1.PNG','20200430204819.PNG');
Insert into MARKETFULLY.PRODUCT (PR_CODE,PR_CATE1,PR_CATE2,PR_NAME,PR_PRICE,PR_CARLORY,PR_SIZE,PR_ENTITY,ORIGINAL_FILE_NAME,RENAME_FILE_NAME) values (164,'004','002','[Himorn] 피넛 월남쌈 소스 230g',4300,210,'230g',562,'2.PNG','20200430204906.PNG');
Insert into MARKETFULLY.PRODUCT (PR_CODE,PR_CATE1,PR_CATE2,PR_NAME,PR_PRICE,PR_CARLORY,PR_SIZE,PR_ENTITY,ORIGINAL_FILE_NAME,RENAME_FILE_NAME) values (165,'004','002','카멜썬 피넛버터 크런치 510g',9000,180,'510g',398,'3.PNG','20200430205001.PNG');
Insert into MARKETFULLY.PRODUCT (PR_CODE,PR_CATE1,PR_CATE2,PR_NAME,PR_PRICE,PR_CARLORY,PR_SIZE,PR_ENTITY,ORIGINAL_FILE_NAME,RENAME_FILE_NAME) values (166,'004','002','리고 땅콩버터 청키',5800,163,'462g',765,'4.PNG','20200430205203.PNG');
Insert into MARKETFULLY.PRODUCT (PR_CODE,PR_CATE1,PR_CATE2,PR_NAME,PR_PRICE,PR_CARLORY,PR_SIZE,PR_ENTITY,ORIGINAL_FILE_NAME,RENAME_FILE_NAME) values (167,'004','002','[코스트코]SKIPPY 스키피 크런치 땅콩버터 1.36kgx1',13500,245,'1.36kg',346,'5.PNG','20200430205538.PNG');
Insert into MARKETFULLY.PRODUCT (PR_CODE,PR_CATE1,PR_CATE2,PR_NAME,PR_PRICE,PR_CARLORY,PR_SIZE,PR_ENTITY,ORIGINAL_FILE_NAME,RENAME_FILE_NAME) values (168,'004','002','청정원 파스타소스600g(로제)',3980,433,'600g',268,'6.PNG','20200430205703.PNG');
Insert into MARKETFULLY.PRODUCT (PR_CODE,PR_CATE1,PR_CATE2,PR_NAME,PR_PRICE,PR_CARLORY,PR_SIZE,PR_ENTITY,ORIGINAL_FILE_NAME,RENAME_FILE_NAME) values (169,'004','002','[오뚜기] 토마토케찹500g',1980,190,'500g',1657,'7.PNG','20200430205828.PNG');
Insert into MARKETFULLY.PRODUCT (PR_CODE,PR_CATE1,PR_CATE2,PR_NAME,PR_PRICE,PR_CARLORY,PR_SIZE,PR_ENTITY,ORIGINAL_FILE_NAME,RENAME_FILE_NAME) values (170,'004','002','[오뚜기] 골드 마요네즈 500g',3680,432,'500g',467,'8.PNG','20200430205932.PNG');
Insert into MARKETFULLY.PRODUCT (PR_CODE,PR_CATE1,PR_CATE2,PR_NAME,PR_PRICE,PR_CARLORY,PR_SIZE,PR_ENTITY,ORIGINAL_FILE_NAME,RENAME_FILE_NAME) values (171,'004','002','청정원 파스타소스600g(토마토)',3980,478,'600g',523,'9.PNG','20200430210845.PNG');
Insert into MARKETFULLY.PRODUCT (PR_CODE,PR_CATE1,PR_CATE2,PR_NAME,PR_PRICE,PR_CARLORY,PR_SIZE,PR_ENTITY,ORIGINAL_FILE_NAME,RENAME_FILE_NAME) values (172,'005','001','[오뚜기]옛날자른당면300g',3580,300,'300g',122,'[오뚜기]옛날자른당면300g.PNG','20200430210958.PNG');
Insert into MARKETFULLY.PRODUCT (PR_CODE,PR_CATE1,PR_CATE2,PR_NAME,PR_PRICE,PR_CARLORY,PR_SIZE,PR_ENTITY,ORIGINAL_FILE_NAME,RENAME_FILE_NAME) values (173,'004','002','[오뚜기] 허니 머스타드 소스 265g',3480,760,'265g',359,'10.PNG','20200430211004.PNG');
Insert into MARKETFULLY.PRODUCT (PR_CODE,PR_CATE1,PR_CATE2,PR_NAME,PR_PRICE,PR_CARLORY,PR_SIZE,PR_ENTITY,ORIGINAL_FILE_NAME,RENAME_FILE_NAME) values (174,'004','002','[백설] 남해굴소스210g',2980,267,'210g',298,'12.PNG','20200430211109.PNG');
Insert into MARKETFULLY.PRODUCT (PR_CODE,PR_CATE1,PR_CATE2,PR_NAME,PR_PRICE,PR_CARLORY,PR_SIZE,PR_ENTITY,ORIGINAL_FILE_NAME,RENAME_FILE_NAME) values (175,'005','001','옛날 국수 소면',1980,311,'900g',412,'[오뚜기] 옛날 국수 소면 900g.PNG','20200430211320.PNG');
Insert into MARKETFULLY.PRODUCT (PR_CODE,PR_CATE1,PR_CATE2,PR_NAME,PR_PRICE,PR_CARLORY,PR_SIZE,PR_ENTITY,ORIGINAL_FILE_NAME,RENAME_FILE_NAME) values (176,'005','000','우동 사리',2180,412,'1150g',45,'[노브랜드] 우동 사리 1150g.PNG','20200430211733.PNG');
Insert into MARKETFULLY.PRODUCT (PR_CODE,PR_CATE1,PR_CATE2,PR_NAME,PR_PRICE,PR_CARLORY,PR_SIZE,PR_ENTITY,ORIGINAL_FILE_NAME,RENAME_FILE_NAME) values (177,'001','001','적양배추(1/2통)',2800,32,'200g',59,'적양배추(2분의 1통).PNG','20200430211735.PNG');
Insert into MARKETFULLY.PRODUCT (PR_CODE,PR_CATE1,PR_CATE2,PR_NAME,PR_PRICE,PR_CARLORY,PR_SIZE,PR_ENTITY,ORIGINAL_FILE_NAME,RENAME_FILE_NAME) values (178,'001','001','배추(2.5kg 내외)',2926,129,'2.5kg',89,'배추(2.5kg 내외).PNG','20200430211844.PNG');
Insert into MARKETFULLY.PRODUCT (PR_CODE,PR_CATE1,PR_CATE2,PR_NAME,PR_PRICE,PR_CARLORY,PR_SIZE,PR_ENTITY,ORIGINAL_FILE_NAME,RENAME_FILE_NAME) values (179,'001','001','열무 800g',1980,36,'800g',93,'열무 800g.PNG','20200430211934.PNG');
Insert into MARKETFULLY.PRODUCT (PR_CODE,PR_CATE1,PR_CATE2,PR_NAME,PR_PRICE,PR_CARLORY,PR_SIZE,PR_ENTITY,ORIGINAL_FILE_NAME,RENAME_FILE_NAME) values (180,'001','001','제주 무 1입 (봉)',1580,45,'300',79,'제주 무 1입 (봉).PNG','20200430212042.PNG');
Insert into MARKETFULLY.PRODUCT (PR_CODE,PR_CATE1,PR_CATE2,PR_NAME,PR_PRICE,PR_CARLORY,PR_SIZE,PR_ENTITY,ORIGINAL_FILE_NAME,RENAME_FILE_NAME) values (181,'001','001','GAP 부추(봉)',1980,40,'100g',126,'GAP 부추(봉).PNG','20200430212310.PNG');
Insert into MARKETFULLY.PRODUCT (PR_CODE,PR_CATE1,PR_CATE2,PR_NAME,PR_PRICE,PR_CARLORY,PR_SIZE,PR_ENTITY,ORIGINAL_FILE_NAME,RENAME_FILE_NAME) values (182,'001','000','청양고추 200g (봉)',1480,42,'200g',159,'청양고추 200g (봉).PNG','20200430212450.PNG');
Insert into MARKETFULLY.PRODUCT (PR_CODE,PR_CATE1,PR_CATE2,PR_NAME,PR_PRICE,PR_CARLORY,PR_SIZE,PR_ENTITY,ORIGINAL_FILE_NAME,RENAME_FILE_NAME) values (183,'005','001','[노브랜드] 칼국수 생면',2980,1270,'1kg',200,'[노브랜드] 칼국수 생면 1kg.PNG','20200430212456.PNG');
Insert into MARKETFULLY.PRODUCT (PR_CODE,PR_CATE1,PR_CATE2,PR_NAME,PR_PRICE,PR_CARLORY,PR_SIZE,PR_ENTITY,ORIGINAL_FILE_NAME,RENAME_FILE_NAME) values (184,'001','000','[푸릇] 무농약 친환경 아삭이고추 100g',2780,56,'100g',89,'[푸릇] 무농약 친환경 아삭이고추 100g.PNG','20200430212538.PNG');
Insert into MARKETFULLY.PRODUCT (PR_CODE,PR_CATE1,PR_CATE2,PR_NAME,PR_PRICE,PR_CARLORY,PR_SIZE,PR_ENTITY,ORIGINAL_FILE_NAME,RENAME_FILE_NAME) values (185,'005','001','시금치맛 페투치네 파스타',2980,120,'400g',333,'[데체코 DECECCO] 시금치맛 페투치네 파스타 250g.PNG','20200430212619.PNG');
Insert into MARKETFULLY.PRODUCT (PR_CODE,PR_CATE1,PR_CATE2,PR_NAME,PR_PRICE,PR_CARLORY,PR_SIZE,PR_ENTITY,ORIGINAL_FILE_NAME,RENAME_FILE_NAME) values (186,'001','000','매운맛 불 고추 (100g/봉)',2980,53,'100g',85,'매운맛 불 고추 (100g 봉).PNG','20200430212646.PNG');
Insert into MARKETFULLY.PRODUCT (PR_CODE,PR_CATE1,PR_CATE2,PR_NAME,PR_PRICE,PR_CARLORY,PR_SIZE,PR_ENTITY,ORIGINAL_FILE_NAME,RENAME_FILE_NAME) values (187,'001','000','파프리카 혼합 2입 (봉)',2980,41,'80g',201,'파프리카 혼합 2입 (봉).PNG','20200430212753.PNG');
Insert into MARKETFULLY.PRODUCT (PR_CODE,PR_CATE1,PR_CATE2,PR_NAME,PR_PRICE,PR_CARLORY,PR_SIZE,PR_ENTITY,ORIGINAL_FILE_NAME,RENAME_FILE_NAME) values (188,'001','003','[풀무원] 국산콩 콩나물 340g',2300,38,'340g',136,'[풀무원] 국산콩 콩나물 340g.PNG','20200430212918.PNG');
Insert into MARKETFULLY.PRODUCT (PR_CODE,PR_CATE1,PR_CATE2,PR_NAME,PR_PRICE,PR_CARLORY,PR_SIZE,PR_ENTITY,ORIGINAL_FILE_NAME,RENAME_FILE_NAME) values (189,'005','001','데체코펜네',2980,0,'500g',200,'데체코펜네 500g.PNG','20200430212924.PNG');
Insert into MARKETFULLY.PRODUCT (PR_CODE,PR_CATE1,PR_CATE2,PR_NAME,PR_PRICE,PR_CARLORY,PR_SIZE,PR_ENTITY,ORIGINAL_FILE_NAME,RENAME_FILE_NAME) values (190,'001','003','미나리(봉)',2990,54,'50g',142,'37.PNG','20200430213016.PNG');
Insert into MARKETFULLY.PRODUCT (PR_CODE,PR_CATE1,PR_CATE2,PR_NAME,PR_PRICE,PR_CARLORY,PR_SIZE,PR_ENTITY,ORIGINAL_FILE_NAME,RENAME_FILE_NAME) values (191,'001','003','GAP 시금치(봉) ',1380,64,'70g',230,'GAP 시금치(봉).PNG','20200430213136.PNG');
Insert into MARKETFULLY.PRODUCT (PR_CODE,PR_CATE1,PR_CATE2,PR_NAME,PR_PRICE,PR_CARLORY,PR_SIZE,PR_ENTITY,ORIGINAL_FILE_NAME,RENAME_FILE_NAME) values (192,'005','001','[파파 PaPa] 쌀국수',2480,341,'400g',222,'[파파 PaPa] 쌀국수 400g.PNG','20200430213207.PNG');
Insert into MARKETFULLY.PRODUCT (PR_CODE,PR_CATE1,PR_CATE2,PR_NAME,PR_PRICE,PR_CARLORY,PR_SIZE,PR_ENTITY,ORIGINAL_FILE_NAME,RENAME_FILE_NAME) values (193,'001','003','GAP 아욱(봉)',1280,62,'60g',357,'GAP 아욱(봉).PNG','20200430213257.PNG');
Insert into MARKETFULLY.PRODUCT (PR_CODE,PR_CATE1,PR_CATE2,PR_NAME,PR_PRICE,PR_CARLORY,PR_SIZE,PR_ENTITY,ORIGINAL_FILE_NAME,RENAME_FILE_NAME) values (194,'005','001','[청정원] 태국식 볶음쌀국수면',2280,200,'200g',100,'[청정원] 태국식 볶음쌀국수면 200g.PNG','20200430213311.PNG');
Insert into MARKETFULLY.PRODUCT (PR_CODE,PR_CATE1,PR_CATE2,PR_NAME,PR_PRICE,PR_CARLORY,PR_SIZE,PR_ENTITY,ORIGINAL_FILE_NAME,RENAME_FILE_NAME) values (195,'001','003','돌나물(봉)',1480,62,'50g',211,'돌나물(봉).PNG','20200430213353.PNG');
Insert into MARKETFULLY.PRODUCT (PR_CODE,PR_CATE1,PR_CATE2,PR_NAME,PR_PRICE,PR_CARLORY,PR_SIZE,PR_ENTITY,ORIGINAL_FILE_NAME,RENAME_FILE_NAME) values (196,'005','001','구르메 리가토니',8900,526,'500g',227,'[데체코] 구르메 리가토니 500g.PNG','20200430213412.PNG');
Insert into MARKETFULLY.PRODUCT (PR_CODE,PR_CATE1,PR_CATE2,PR_NAME,PR_PRICE,PR_CARLORY,PR_SIZE,PR_ENTITY,ORIGINAL_FILE_NAME,RENAME_FILE_NAME) values (197,'005','001','파팔레 ',4900,190,'500g',2000,'[데체코] 파팔레 500g.PNG','20200430213503.PNG');
Insert into MARKETFULLY.PRODUCT (PR_CODE,PR_CATE1,PR_CATE2,PR_NAME,PR_PRICE,PR_CARLORY,PR_SIZE,PR_ENTITY,ORIGINAL_FILE_NAME,RENAME_FILE_NAME) values (198,'001','002','[가락시장] 느타리버섯 200g (팩)',1230,63,'200g',94,'[가락시장] 느타리버섯 200g (팩).PNG','20200430213633.PNG');
Insert into MARKETFULLY.PRODUCT (PR_CODE,PR_CATE1,PR_CATE2,PR_NAME,PR_PRICE,PR_CARLORY,PR_SIZE,PR_ENTITY,ORIGINAL_FILE_NAME,RENAME_FILE_NAME) values (199,'001','002','풍성한 팽이버섯(대)봉',1100,67,'69g',436,'풍성한 팽이버섯(대)봉.PNG','20200430213747.PNG');
Insert into MARKETFULLY.PRODUCT (PR_CODE,PR_CATE1,PR_CATE2,PR_NAME,PR_PRICE,PR_CARLORY,PR_SIZE,PR_ENTITY,ORIGINAL_FILE_NAME,RENAME_FILE_NAME) values (200,'001','002','GAP 무농약 뿌리없는 새송이 600g (300g*2)',2480,91,'300g',480,'GAP 무농약 뿌리없는 새송이 600g.PNG','20200430213844.PNG');
Insert into MARKETFULLY.PRODUCT (PR_CODE,PR_CATE1,PR_CATE2,PR_NAME,PR_PRICE,PR_CARLORY,PR_SIZE,PR_ENTITY,ORIGINAL_FILE_NAME,RENAME_FILE_NAME) values (201,'001','002','유기농 표고버섯 300g',4900,73,'300g',102,'유기농 표고버섯 300g.PNG','20200430213955.PNG');
Insert into MARKETFULLY.PRODUCT (PR_CODE,PR_CATE1,PR_CATE2,PR_NAME,PR_PRICE,PR_CARLORY,PR_SIZE,PR_ENTITY,ORIGINAL_FILE_NAME,RENAME_FILE_NAME) values (202,'001','004','깐마늘 500g',2580,73,'500g',557,'깐마늘 500g.PNG','20200430214150.PNG');
Insert into MARKETFULLY.PRODUCT (PR_CODE,PR_CATE1,PR_CATE2,PR_NAME,PR_PRICE,PR_CARLORY,PR_SIZE,PR_ENTITY,ORIGINAL_FILE_NAME,RENAME_FILE_NAME) values (203,'006','001','노브랜드 떡국떡',1680,571,'800g',200,'1.노브랜드 떡국떡 800g.PNG','20200430214221.PNG');
Insert into MARKETFULLY.PRODUCT (PR_CODE,PR_CATE1,PR_CATE2,PR_NAME,PR_PRICE,PR_CARLORY,PR_SIZE,PR_ENTITY,ORIGINAL_FILE_NAME,RENAME_FILE_NAME) values (204,'001','004','수제망 햇 양파 2.5Kg내외(망)',5480,98,'2.5kg',75,'수제망 햇 양파 2.5Kg내외(망).PNG','20200430214252.PNG');
Insert into MARKETFULLY.PRODUCT (PR_CODE,PR_CATE1,PR_CATE2,PR_NAME,PR_PRICE,PR_CARLORY,PR_SIZE,PR_ENTITY,ORIGINAL_FILE_NAME,RENAME_FILE_NAME) values (205,'006','000','풀무원 떡볶이떡',2800,5550,'600g',531,'2.풀무원 떡볶이떡600g.PNG','20200430214342.PNG');
Insert into MARKETFULLY.PRODUCT (PR_CODE,PR_CATE1,PR_CATE2,PR_NAME,PR_PRICE,PR_CARLORY,PR_SIZE,PR_ENTITY,ORIGINAL_FILE_NAME,RENAME_FILE_NAME) values (206,'001','004','통마늘',1880,43,'30g',520,'통마늘.PNG','20200430214402.PNG');
Insert into MARKETFULLY.PRODUCT (PR_CODE,PR_CATE1,PR_CATE2,PR_NAME,PR_PRICE,PR_CARLORY,PR_SIZE,PR_ENTITY,ORIGINAL_FILE_NAME,RENAME_FILE_NAME) values (207,'006','000','[피코크] 찰진 치즈 떡볶이 떡',2980,568,'300g',312,'4.[피코크] 찰진 치즈 떡볶이 떡 300g.PNG','20200430214616.PNG');
Insert into MARKETFULLY.PRODUCT (PR_CODE,PR_CATE1,PR_CATE2,PR_NAME,PR_PRICE,PR_CARLORY,PR_SIZE,PR_ENTITY,ORIGINAL_FILE_NAME,RENAME_FILE_NAME) values (208,'006','001','CJ 미정당 우리쌀떡국떡',3980,816,'700g',614,'5.CJ 미정당 우리쌀떡국떡700g.PNG','20200430214745.PNG');
Insert into MARKETFULLY.PRODUCT (PR_CODE,PR_CATE1,PR_CATE2,PR_NAME,PR_PRICE,PR_CARLORY,PR_SIZE,PR_ENTITY,ORIGINAL_FILE_NAME,RENAME_FILE_NAME) values (209,'001','005','유명산지 햇감자 1kg내외(봉)',5080,102,'1kg',523,'유명산지 햇감자 1kg내외(봉).PNG','20200430215036.PNG');
Insert into MARKETFULLY.PRODUCT (PR_CODE,PR_CATE1,PR_CATE2,PR_NAME,PR_PRICE,PR_CARLORY,PR_SIZE,PR_ENTITY,ORIGINAL_FILE_NAME,RENAME_FILE_NAME) values (210,'006','001','[피코크] 이천 쌀로 만든 떡국 떡',5980,1002,'700g',604,'6.[피코크] 이천 쌀로 만든 떡국 떡 700g.PNG','20200430215110.PNG');
Insert into MARKETFULLY.PRODUCT (PR_CODE,PR_CATE1,PR_CATE2,PR_NAME,PR_PRICE,PR_CARLORY,PR_SIZE,PR_ENTITY,ORIGINAL_FILE_NAME,RENAME_FILE_NAME) values (211,'001','005','햇 감자 2kg내외 (박스)',6640,52,'2kg',346,'햇 감자 2kg내외 (박스).PNG','20200430215133.PNG');
Insert into MARKETFULLY.PRODUCT (PR_CODE,PR_CATE1,PR_CATE2,PR_NAME,PR_PRICE,PR_CARLORY,PR_SIZE,PR_ENTITY,ORIGINAL_FILE_NAME,RENAME_FILE_NAME) values (212,'001','003','양상추',1890,43,'50g',99,'양상추.PNG','20200501094006.PNG');
Insert into MARKETFULLY.PRODUCT (PR_CODE,PR_CATE1,PR_CATE2,PR_NAME,PR_PRICE,PR_CARLORY,PR_SIZE,PR_ENTITY,ORIGINAL_FILE_NAME,RENAME_FILE_NAME) values (213,'001','003','GAP 적상추(봉)',1280,40,'30g',120,'GAP 적상추(봉).PNG','20200501094205.PNG');
Insert into MARKETFULLY.PRODUCT (PR_CODE,PR_CATE1,PR_CATE2,PR_NAME,PR_PRICE,PR_CARLORY,PR_SIZE,PR_ENTITY,ORIGINAL_FILE_NAME,RENAME_FILE_NAME) values (214,'001','003','GAP 깻잎(봉)',1280,46,'20g',90,'GAP 깻잎(봉).PNG','20200501094256.PNG');
Insert into MARKETFULLY.PRODUCT (PR_CODE,PR_CATE1,PR_CATE2,PR_NAME,PR_PRICE,PR_CARLORY,PR_SIZE,PR_ENTITY,ORIGINAL_FILE_NAME,RENAME_FILE_NAME) values (215,'001','001','흙대파(800g/봉)',1980,43,'800g',90,'흙대파 (800g 봉).png','20200501094521.png');
Insert into MARKETFULLY.PRODUCT (PR_CODE,PR_CATE1,PR_CATE2,PR_NAME,PR_PRICE,PR_CARLORY,PR_SIZE,PR_ENTITY,ORIGINAL_FILE_NAME,RENAME_FILE_NAME) values (216,'004','002','[해표] 고소한 참기름 500ml',5480,100,'500ml',50,'기름.PNG','20200501094553.PNG');
Insert into MARKETFULLY.PRODUCT (PR_CODE,PR_CATE1,PR_CATE2,PR_NAME,PR_PRICE,PR_CARLORY,PR_SIZE,PR_ENTITY,ORIGINAL_FILE_NAME,RENAME_FILE_NAME) values (217,'001','000','오이맛고추 200g (봉)',1430,40,'200g',230,'1.PNG','20200501101035.PNG');
Insert into MARKETFULLY.PRODUCT (PR_CODE,PR_CATE1,PR_CATE2,PR_NAME,PR_PRICE,PR_CARLORY,PR_SIZE,PR_ENTITY,ORIGINAL_FILE_NAME,RENAME_FILE_NAME) values (218,'001','000','청양고추',1180,45,'30g',130,'2.PNG','20200501101226.PNG');
Insert into MARKETFULLY.PRODUCT (PR_CODE,PR_CATE1,PR_CATE2,PR_NAME,PR_PRICE,PR_CARLORY,PR_SIZE,PR_ENTITY,ORIGINAL_FILE_NAME,RENAME_FILE_NAME) values (219,'001','000','홍고추(봉)',2480,52,'40',126,'3.PNG','20200501101357.PNG');
Insert into MARKETFULLY.PRODUCT (PR_CODE,PR_CATE1,PR_CATE2,PR_NAME,PR_PRICE,PR_CARLORY,PR_SIZE,PR_ENTITY,ORIGINAL_FILE_NAME,RENAME_FILE_NAME) values (220,'001','000','파프리카 혼합4개입 (팩)',5120,65,'100g',245,'4.PNG','20200501101529.PNG');
Insert into MARKETFULLY.PRODUCT (PR_CODE,PR_CATE1,PR_CATE2,PR_NAME,PR_PRICE,PR_CARLORY,PR_SIZE,PR_ENTITY,ORIGINAL_FILE_NAME,RENAME_FILE_NAME) values (221,'001','000','청피망(개)',1480,60,'100g',94,'6.PNG','20200501101712.PNG');
Insert into MARKETFULLY.PRODUCT (PR_CODE,PR_CATE1,PR_CATE2,PR_NAME,PR_PRICE,PR_CARLORY,PR_SIZE,PR_ENTITY,ORIGINAL_FILE_NAME,RENAME_FILE_NAME) values (222,'001','001','GAP 얼갈이(봉)',2580,50,'30g',100,'11.PNG','20200501103157.PNG');
Insert into MARKETFULLY.PRODUCT (PR_CODE,PR_CATE1,PR_CATE2,PR_NAME,PR_PRICE,PR_CARLORY,PR_SIZE,PR_ENTITY,ORIGINAL_FILE_NAME,RENAME_FILE_NAME) values (223,'001','001','비트 2입 (봉)',8480,70,'130',240,'38.PNG','20200501103354.PNG');
Insert into MARKETFULLY.PRODUCT (PR_CODE,PR_CATE1,PR_CATE2,PR_NAME,PR_PRICE,PR_CARLORY,PR_SIZE,PR_ENTITY,ORIGINAL_FILE_NAME,RENAME_FILE_NAME) values (224,'004','002','오뚜기케찹',15000,900,'90',4,'ketchup.jpg','20200501123037.jpg');
REM INSERTING into MARKETFULLY.PRODUCT_STOCK
SET DEFINE OFF;
REM INSERTING into MARKETFULLY.QNA_BOARD
SET DEFINE OFF;
Insert into MARKETFULLY.QNA_BOARD (Q_NUM,Q_TITLE,Q_CONTENT,Q_WRITER,OR_NUM,Q_STATUS,Q_CDATE,Q_COUNT,Q_RCOUNT,Q_CATEGORY,Q_FILE,Q_REFILE) values (7,'배송이 언제오나요?','~~~~','sunyub7485',0,'Y',to_date('20/05/01','RR/MM/DD'),1,0,'회원문의',null,null);
Insert into MARKETFULLY.QNA_BOARD (Q_NUM,Q_TITLE,Q_CONTENT,Q_WRITER,OR_NUM,Q_STATUS,Q_CDATE,Q_COUNT,Q_RCOUNT,Q_CATEGORY,Q_FILE,Q_REFILE) values (5,'안녕하세요','언제 배송와요?','tjsdls0724',0,'Y',to_date('20/05/01','RR/MM/DD'),0,0,'주문/결제',null,null);
Insert into MARKETFULLY.QNA_BOARD (Q_NUM,Q_TITLE,Q_CONTENT,Q_WRITER,OR_NUM,Q_STATUS,Q_CDATE,Q_COUNT,Q_RCOUNT,Q_CATEGORY,Q_FILE,Q_REFILE) values (6,'HI BYE','배송은 언제오나요?','test8',0,'Y',to_date('20/05/01','RR/MM/DD'),3,0,'배송문의',null,null);
REM INSERTING into MARKETFULLY.QNA_REPLY
SET DEFINE OFF;
REM INSERTING into MARKETFULLY.REQUEST_BOARD
SET DEFINE OFF;
Insert into MARKETFULLY.REQUEST_BOARD (RB_NUM,RB_TITLE,RB_FOODCATEGORY,RB_CONTENT,RB_WRITER,RB_DATE,RB_FILE,RB_REFILE,RB_THANK,RB_NOTHANK,RB_STATUS,RB_COUNT) values (7,'강식당레시피추가해주세요','한식','강식당 레시피 추가 하나만 더해주세요','test8',to_date('20/05/01','RR/MM/DD'),null,null,0,0,'Y',4);
Insert into MARKETFULLY.REQUEST_BOARD (RB_NUM,RB_TITLE,RB_FOODCATEGORY,RB_CONTENT,RB_WRITER,RB_DATE,RB_FILE,RB_REFILE,RB_THANK,RB_NOTHANK,RB_STATUS,RB_COUNT) values (8,'이레시피 어때요?','기타','이 레시피 어떤가요?','test7',to_date('20/05/01','RR/MM/DD'),null,null,0,0,'Y',1);
REM INSERTING into MARKETFULLY.REVIEW
SET DEFINE OFF;
REM INSERTING into MARKETFULLY.SHIP
SET DEFINE OFF;
REM INSERTING into MARKETFULLY.SHIPPING
SET DEFINE OFF;
Insert into MARKETFULLY.SHIPPING (SHIPPING_CODE,SHIPPING_STATUS,SHIPPING_PRICE,RECEIVER_NAME,RECEIVER_ADDR,RECEIVER_PHONE,SHIP_CODE,SHIPPING_DATE,OR_NUM) values (0,'배송준비중',3000,'가리봉동','08317, 서울특별시 구로구 구로동로13길 63, (가리봉동)',null,1,to_date('20/05/01','RR/MM/DD'),19);
Insert into MARKETFULLY.SHIPPING (SHIPPING_CODE,SHIPPING_STATUS,SHIPPING_PRICE,RECEIVER_NAME,RECEIVER_ADDR,RECEIVER_PHONE,SHIP_CODE,SHIPPING_DATE,OR_NUM) values (888,'배송중',3000,'정창원','02717,테헤란로,아파트','01049217314',null,to_date('20/05/01','RR/MM/DD'),41);
Insert into MARKETFULLY.SHIPPING (SHIPPING_CODE,SHIPPING_STATUS,SHIPPING_PRICE,RECEIVER_NAME,RECEIVER_ADDR,RECEIVER_PHONE,SHIP_CODE,SHIPPING_DATE,OR_NUM) values (0,'배송준비중',3000,'김선인','06134, 서울특별시 강남구 테헤란로 101, (역삼동) 정보교육원',null,1,to_date('20/05/01','RR/MM/DD'),20);
REM INSERTING into MARKETFULLY.SUBCATE
SET DEFINE OFF;
REM INSERTING into MARKETFULLY.TV_BOARD_LIKE
SET DEFINE OFF;
REM INSERTING into MARKETFULLY.TV_MENU_BOARD
SET DEFINE OFF;
Insert into MARKETFULLY.TV_MENU_BOARD (TMB_NUM,TMB_TITLE,TMB_CDATE,TMB_WRITER,TMB_ORIGIN,TMB_RENAME,TMB_THANK,TMB_COUNT,TMB_RCOUNT,TMB_STATUS,MC_CATE_NUM,TMB_SERVING,TMB_TIME,TMB_LEVEL) values (4,'강호동 돼지고기 파스타',to_date('20/04/30','RR/MM/DD'),null,'1.PNG','20200430212824SEQ0.PNG',0,0,0,'Y',1,1,30,3);
Insert into MARKETFULLY.TV_MENU_BOARD (TMB_NUM,TMB_TITLE,TMB_CDATE,TMB_WRITER,TMB_ORIGIN,TMB_RENAME,TMB_THANK,TMB_COUNT,TMB_RCOUNT,TMB_STATUS,MC_CATE_NUM,TMB_SERVING,TMB_TIME,TMB_LEVEL) values (5,' 강호동 조각 피자',to_date('20/04/30','RR/MM/DD'),null,'2.PNG','20200430213141SEQ0.PNG',1,5,0,'Y',1,3,30,5);
Insert into MARKETFULLY.TV_MENU_BOARD (TMB_NUM,TMB_TITLE,TMB_CDATE,TMB_WRITER,TMB_ORIGIN,TMB_RENAME,TMB_THANK,TMB_COUNT,TMB_RCOUNT,TMB_STATUS,MC_CATE_NUM,TMB_SERVING,TMB_TIME,TMB_LEVEL) values (3,'강호동 불고기 파스타',to_date('20/04/30','RR/MM/DD'),null,'캡처.PNG','20200430212459SEQ0.PNG',1,5,0,'Y',1,1,20,2);
Insert into MARKETFULLY.TV_MENU_BOARD (TMB_NUM,TMB_TITLE,TMB_CDATE,TMB_WRITER,TMB_ORIGIN,TMB_RENAME,TMB_THANK,TMB_COUNT,TMB_RCOUNT,TMB_STATUS,MC_CATE_NUM,TMB_SERVING,TMB_TIME,TMB_LEVEL) values (6,'김치밥이피오씁니다.',to_date('20/04/30','RR/MM/DD'),null,'main.PNG','20200430213439SEQ0.PNG',0,0,0,'Y',1,1,20,1);
Insert into MARKETFULLY.TV_MENU_BOARD (TMB_NUM,TMB_TITLE,TMB_CDATE,TMB_WRITER,TMB_ORIGIN,TMB_RENAME,TMB_THANK,TMB_COUNT,TMB_RCOUNT,TMB_STATUS,MC_CATE_NUM,TMB_SERVING,TMB_TIME,TMB_LEVEL) values (7,'니가가락국수',to_date('20/04/30','RR/MM/DD'),null,'main.PNG','20200430213701SEQ0.PNG',0,1,0,'Y',1,1,15,3);
Insert into MARKETFULLY.TV_MENU_BOARD (TMB_NUM,TMB_TITLE,TMB_CDATE,TMB_WRITER,TMB_ORIGIN,TMB_RENAME,TMB_THANK,TMB_COUNT,TMB_RCOUNT,TMB_STATUS,MC_CATE_NUM,TMB_SERVING,TMB_TIME,TMB_LEVEL) values (8,'강호동까스',to_date('20/04/30','RR/MM/DD'),null,'3.PNG','20200430214019SEQ0.PNG',0,1,0,'Y',1,4,30,5);
Insert into MARKETFULLY.TV_MENU_BOARD (TMB_NUM,TMB_TITLE,TMB_CDATE,TMB_WRITER,TMB_ORIGIN,TMB_RENAME,TMB_THANK,TMB_COUNT,TMB_RCOUNT,TMB_STATUS,MC_CATE_NUM,TMB_SERVING,TMB_TIME,TMB_LEVEL) values (9,'수미네반찬에서 소개된 LA 갈비찜',to_date('20/04/30','RR/MM/DD'),null,'main.PNG','20200430214407SEQ0.PNG',0,2,0,'Y',2,2,60,3);
Insert into MARKETFULLY.TV_MENU_BOARD (TMB_NUM,TMB_TITLE,TMB_CDATE,TMB_WRITER,TMB_ORIGIN,TMB_RENAME,TMB_THANK,TMB_COUNT,TMB_RCOUNT,TMB_STATUS,MC_CATE_NUM,TMB_SERVING,TMB_TIME,TMB_LEVEL) values (10,'간장게장',to_date('20/04/30','RR/MM/DD'),null,'main.PNG','20200430214711SEQ0.PNG',0,0,0,'Y',2,3,30,5);
Insert into MARKETFULLY.TV_MENU_BOARD (TMB_NUM,TMB_TITLE,TMB_CDATE,TMB_WRITER,TMB_ORIGIN,TMB_RENAME,TMB_THANK,TMB_COUNT,TMB_RCOUNT,TMB_STATUS,MC_CATE_NUM,TMB_SERVING,TMB_TIME,TMB_LEVEL) values (11,'간장새우찜',to_date('20/04/30','RR/MM/DD'),null,'main.PNG','20200430215010SEQ0.PNG',0,0,0,'Y',2,2,30,4);
Insert into MARKETFULLY.TV_MENU_BOARD (TMB_NUM,TMB_TITLE,TMB_CDATE,TMB_WRITER,TMB_ORIGIN,TMB_RENAME,TMB_THANK,TMB_COUNT,TMB_RCOUNT,TMB_STATUS,MC_CATE_NUM,TMB_SERVING,TMB_TIME,TMB_LEVEL) values (12,'갈비탕',to_date('20/04/30','RR/MM/DD'),null,'main.PNG','20200430215310SEQ0.PNG',0,0,0,'Y',2,1,30,3);
Insert into MARKETFULLY.TV_MENU_BOARD (TMB_NUM,TMB_TITLE,TMB_CDATE,TMB_WRITER,TMB_ORIGIN,TMB_RENAME,TMB_THANK,TMB_COUNT,TMB_RCOUNT,TMB_STATUS,MC_CATE_NUM,TMB_SERVING,TMB_TIME,TMB_LEVEL) values (13,'고기만두',to_date('20/04/30','RR/MM/DD'),null,'main.PNG','20200430215542SEQ0.PNG',0,1,0,'Y',2,2,15,3);
Insert into MARKETFULLY.TV_MENU_BOARD (TMB_NUM,TMB_TITLE,TMB_CDATE,TMB_WRITER,TMB_ORIGIN,TMB_RENAME,TMB_THANK,TMB_COUNT,TMB_RCOUNT,TMB_STATUS,MC_CATE_NUM,TMB_SERVING,TMB_TIME,TMB_LEVEL) values (14,'핫칠리 치킨',to_date('20/04/30','RR/MM/DD'),null,'main.PNG','20200430220429SEQ0.PNG',0,0,0,'Y',5,2,20,4);
Insert into MARKETFULLY.TV_MENU_BOARD (TMB_NUM,TMB_TITLE,TMB_CDATE,TMB_WRITER,TMB_ORIGIN,TMB_RENAME,TMB_THANK,TMB_COUNT,TMB_RCOUNT,TMB_STATUS,MC_CATE_NUM,TMB_SERVING,TMB_TIME,TMB_LEVEL) values (15,'피시 케이크',to_date('20/04/30','RR/MM/DD'),null,'main.PNG','20200430220650SEQ0.PNG',0,0,0,'Y',5,2,30,3);
Insert into MARKETFULLY.TV_MENU_BOARD (TMB_NUM,TMB_TITLE,TMB_CDATE,TMB_WRITER,TMB_ORIGIN,TMB_RENAME,TMB_THANK,TMB_COUNT,TMB_RCOUNT,TMB_STATUS,MC_CATE_NUM,TMB_SERVING,TMB_TIME,TMB_LEVEL) values (16,'토마토 달걀 볶음',to_date('20/04/30','RR/MM/DD'),null,'main.gif','20200430220848SEQ0.gif',0,1,0,'Y',5,2,20,1);
Insert into MARKETFULLY.TV_MENU_BOARD (TMB_NUM,TMB_TITLE,TMB_CDATE,TMB_WRITER,TMB_ORIGIN,TMB_RENAME,TMB_THANK,TMB_COUNT,TMB_RCOUNT,TMB_STATUS,MC_CATE_NUM,TMB_SERVING,TMB_TIME,TMB_LEVEL) values (17,'탕수육',to_date('20/04/30','RR/MM/DD'),null,'main.png','20200430222200SEQ0.png',0,0,0,'Y',5,3,30,3);
Insert into MARKETFULLY.TV_MENU_BOARD (TMB_NUM,TMB_TITLE,TMB_CDATE,TMB_WRITER,TMB_ORIGIN,TMB_RENAME,TMB_THANK,TMB_COUNT,TMB_RCOUNT,TMB_STATUS,MC_CATE_NUM,TMB_SERVING,TMB_TIME,TMB_LEVEL) values (18,'탄탄 비빔면',to_date('20/04/30','RR/MM/DD'),null,'06.비빔면.gif','20200430222544SEQ0.gif',1,2,0,'Y',5,3,15,1);
Insert into MARKETFULLY.TV_MENU_BOARD (TMB_NUM,TMB_TITLE,TMB_CDATE,TMB_WRITER,TMB_ORIGIN,TMB_RENAME,TMB_THANK,TMB_COUNT,TMB_RCOUNT,TMB_STATUS,MC_CATE_NUM,TMB_SERVING,TMB_TIME,TMB_LEVEL) values (19,'고준영의 피자추로스',to_date('20/05/01','RR/MM/DD'),null,'8.PNG','20200501084201SEQ0.PNG',0,6,0,'Y',4,1,30,3);
Insert into MARKETFULLY.TV_MENU_BOARD (TMB_NUM,TMB_TITLE,TMB_CDATE,TMB_WRITER,TMB_ORIGIN,TMB_RENAME,TMB_THANK,TMB_COUNT,TMB_RCOUNT,TMB_STATUS,MC_CATE_NUM,TMB_SERVING,TMB_TIME,TMB_LEVEL) values (20,'최인선의 편육무침',to_date('20/05/01','RR/MM/DD'),null,'5.PNG','20200501084858SEQ0.PNG',0,3,0,'Y',4,2,30,3);
Insert into MARKETFULLY.TV_MENU_BOARD (TMB_NUM,TMB_TITLE,TMB_CDATE,TMB_WRITER,TMB_ORIGIN,TMB_RENAME,TMB_THANK,TMB_COUNT,TMB_RCOUNT,TMB_STATUS,MC_CATE_NUM,TMB_SERVING,TMB_TIME,TMB_LEVEL) values (23,'고준영의 치킨 버거',to_date('20/05/01','RR/MM/DD'),null,'10.PNG','20200501090446SEQ0.PNG',0,1,0,'Y',4,2,30,4);
Insert into MARKETFULLY.TV_MENU_BOARD (TMB_NUM,TMB_TITLE,TMB_CDATE,TMB_WRITER,TMB_ORIGIN,TMB_RENAME,TMB_THANK,TMB_COUNT,TMB_RCOUNT,TMB_STATUS,MC_CATE_NUM,TMB_SERVING,TMB_TIME,TMB_LEVEL) values (22,'한명숙의 코다리조림',to_date('20/05/01','RR/MM/DD'),null,'7.PNG','20200501090213SEQ0.PNG',0,2,0,'Y',4,1,15,4);
Insert into MARKETFULLY.TV_MENU_BOARD (TMB_NUM,TMB_TITLE,TMB_CDATE,TMB_WRITER,TMB_ORIGIN,TMB_RENAME,TMB_THANK,TMB_COUNT,TMB_RCOUNT,TMB_STATUS,MC_CATE_NUM,TMB_SERVING,TMB_TIME,TMB_LEVEL) values (24,'송훈의 전복 흑미 리소토',to_date('20/05/01','RR/MM/DD'),null,'10.PNG','20200501090644SEQ0.PNG',1,8,0,'Y',4,1,20,4);
REM INSERTING into MARKETFULLY.TV_MENU_EXPLAIN
SET DEFINE OFF;
Insert into MARKETFULLY.TV_MENU_EXPLAIN (TMB_NUM,TME_ORIGIN,TME_RENAME,TME_SEQ,TME_STATUS) values (3,'3.PNG','20200430212459SEQ3.PNG',3,'Y');
Insert into MARKETFULLY.TV_MENU_EXPLAIN (TMB_NUM,TME_ORIGIN,TME_RENAME,TME_SEQ,TME_STATUS) values (3,'4.PNG','20200430212459SEQ4.PNG',4,'Y');
Insert into MARKETFULLY.TV_MENU_EXPLAIN (TMB_NUM,TME_ORIGIN,TME_RENAME,TME_SEQ,TME_STATUS) values (4,'1.PNG','20200430212824SEQ1.PNG',1,'Y');
Insert into MARKETFULLY.TV_MENU_EXPLAIN (TMB_NUM,TME_ORIGIN,TME_RENAME,TME_SEQ,TME_STATUS) values (4,'2.PNG','20200430212824SEQ2.PNG',2,'Y');
Insert into MARKETFULLY.TV_MENU_EXPLAIN (TMB_NUM,TME_ORIGIN,TME_RENAME,TME_SEQ,TME_STATUS) values (4,'3.PNG','20200430212824SEQ3.PNG',3,'Y');
Insert into MARKETFULLY.TV_MENU_EXPLAIN (TMB_NUM,TME_ORIGIN,TME_RENAME,TME_SEQ,TME_STATUS) values (4,'4.PNG','20200430212824SEQ4.PNG',4,'Y');
Insert into MARKETFULLY.TV_MENU_EXPLAIN (TMB_NUM,TME_ORIGIN,TME_RENAME,TME_SEQ,TME_STATUS) values (5,'1.PNG','20200430213141SEQ1.PNG',1,'Y');
Insert into MARKETFULLY.TV_MENU_EXPLAIN (TMB_NUM,TME_ORIGIN,TME_RENAME,TME_SEQ,TME_STATUS) values (5,'2.PNG','20200430213141SEQ2.PNG',2,'Y');
Insert into MARKETFULLY.TV_MENU_EXPLAIN (TMB_NUM,TME_ORIGIN,TME_RENAME,TME_SEQ,TME_STATUS) values (3,'1.PNG','20200430212459SEQ1.PNG',1,'Y');
Insert into MARKETFULLY.TV_MENU_EXPLAIN (TMB_NUM,TME_ORIGIN,TME_RENAME,TME_SEQ,TME_STATUS) values (3,'2.PNG','20200430212459SEQ2.PNG',2,'Y');
Insert into MARKETFULLY.TV_MENU_EXPLAIN (TMB_NUM,TME_ORIGIN,TME_RENAME,TME_SEQ,TME_STATUS) values (5,'3.PNG','20200430213141SEQ3.PNG',3,'Y');
Insert into MARKETFULLY.TV_MENU_EXPLAIN (TMB_NUM,TME_ORIGIN,TME_RENAME,TME_SEQ,TME_STATUS) values (5,'4.PNG','20200430213141SEQ4.PNG',4,'Y');
Insert into MARKETFULLY.TV_MENU_EXPLAIN (TMB_NUM,TME_ORIGIN,TME_RENAME,TME_SEQ,TME_STATUS) values (6,'1.PNG','20200430213439SEQ1.PNG',1,'Y');
Insert into MARKETFULLY.TV_MENU_EXPLAIN (TMB_NUM,TME_ORIGIN,TME_RENAME,TME_SEQ,TME_STATUS) values (6,'2.PNG','20200430213439SEQ2.PNG',2,'Y');
Insert into MARKETFULLY.TV_MENU_EXPLAIN (TMB_NUM,TME_ORIGIN,TME_RENAME,TME_SEQ,TME_STATUS) values (6,'3.PNG','20200430213439SEQ3.PNG',3,'Y');
Insert into MARKETFULLY.TV_MENU_EXPLAIN (TMB_NUM,TME_ORIGIN,TME_RENAME,TME_SEQ,TME_STATUS) values (6,'4.PNG','20200430213439SEQ4.PNG',4,'Y');
Insert into MARKETFULLY.TV_MENU_EXPLAIN (TMB_NUM,TME_ORIGIN,TME_RENAME,TME_SEQ,TME_STATUS) values (6,'5.PNG','20200430213439SEQ5.PNG',5,'Y');
Insert into MARKETFULLY.TV_MENU_EXPLAIN (TMB_NUM,TME_ORIGIN,TME_RENAME,TME_SEQ,TME_STATUS) values (6,'6.PNG','20200430213439SEQ6.PNG',6,'Y');
Insert into MARKETFULLY.TV_MENU_EXPLAIN (TMB_NUM,TME_ORIGIN,TME_RENAME,TME_SEQ,TME_STATUS) values (6,'7.PNG','20200430213439SEQ7.PNG',7,'Y');
Insert into MARKETFULLY.TV_MENU_EXPLAIN (TMB_NUM,TME_ORIGIN,TME_RENAME,TME_SEQ,TME_STATUS) values (7,'1.PNG','20200430213701SEQ1.PNG',1,'Y');
Insert into MARKETFULLY.TV_MENU_EXPLAIN (TMB_NUM,TME_ORIGIN,TME_RENAME,TME_SEQ,TME_STATUS) values (7,'2.PNG','20200430213701SEQ2.PNG',2,'Y');
Insert into MARKETFULLY.TV_MENU_EXPLAIN (TMB_NUM,TME_ORIGIN,TME_RENAME,TME_SEQ,TME_STATUS) values (7,'3.PNG','20200430213701SEQ3.PNG',3,'Y');
Insert into MARKETFULLY.TV_MENU_EXPLAIN (TMB_NUM,TME_ORIGIN,TME_RENAME,TME_SEQ,TME_STATUS) values (7,'4.PNG','20200430213701SEQ4.PNG',4,'Y');
Insert into MARKETFULLY.TV_MENU_EXPLAIN (TMB_NUM,TME_ORIGIN,TME_RENAME,TME_SEQ,TME_STATUS) values (7,'5.PNG','20200430213701SEQ5.PNG',5,'Y');
Insert into MARKETFULLY.TV_MENU_EXPLAIN (TMB_NUM,TME_ORIGIN,TME_RENAME,TME_SEQ,TME_STATUS) values (8,'1.PNG','20200430214019SEQ1.PNG',1,'Y');
Insert into MARKETFULLY.TV_MENU_EXPLAIN (TMB_NUM,TME_ORIGIN,TME_RENAME,TME_SEQ,TME_STATUS) values (8,'2.PNG','20200430214019SEQ2.PNG',2,'Y');
Insert into MARKETFULLY.TV_MENU_EXPLAIN (TMB_NUM,TME_ORIGIN,TME_RENAME,TME_SEQ,TME_STATUS) values (8,'3.PNG','20200430214019SEQ3.PNG',3,'Y');
Insert into MARKETFULLY.TV_MENU_EXPLAIN (TMB_NUM,TME_ORIGIN,TME_RENAME,TME_SEQ,TME_STATUS) values (8,'4.PNG','20200430214019SEQ4.PNG',4,'Y');
Insert into MARKETFULLY.TV_MENU_EXPLAIN (TMB_NUM,TME_ORIGIN,TME_RENAME,TME_SEQ,TME_STATUS) values (8,'5.PNG','20200430214019SEQ5.PNG',5,'Y');
Insert into MARKETFULLY.TV_MENU_EXPLAIN (TMB_NUM,TME_ORIGIN,TME_RENAME,TME_SEQ,TME_STATUS) values (8,'6.PNG','20200430214019SEQ6.PNG',6,'Y');
Insert into MARKETFULLY.TV_MENU_EXPLAIN (TMB_NUM,TME_ORIGIN,TME_RENAME,TME_SEQ,TME_STATUS) values (8,'7.PNG','20200430214019SEQ7.PNG',7,'Y');
Insert into MARKETFULLY.TV_MENU_EXPLAIN (TMB_NUM,TME_ORIGIN,TME_RENAME,TME_SEQ,TME_STATUS) values (8,'8.PNG','20200430214019SEQ8.PNG',8,'Y');
Insert into MARKETFULLY.TV_MENU_EXPLAIN (TMB_NUM,TME_ORIGIN,TME_RENAME,TME_SEQ,TME_STATUS) values (8,'9.PNG','20200430214019SEQ9.PNG',9,'Y');
Insert into MARKETFULLY.TV_MENU_EXPLAIN (TMB_NUM,TME_ORIGIN,TME_RENAME,TME_SEQ,TME_STATUS) values (9,'1..PNG','20200430214407SEQ1.PNG',1,'Y');
Insert into MARKETFULLY.TV_MENU_EXPLAIN (TMB_NUM,TME_ORIGIN,TME_RENAME,TME_SEQ,TME_STATUS) values (9,'2..PNG','20200430214407SEQ2.PNG',2,'Y');
Insert into MARKETFULLY.TV_MENU_EXPLAIN (TMB_NUM,TME_ORIGIN,TME_RENAME,TME_SEQ,TME_STATUS) values (9,'3..PNG','20200430214407SEQ3.PNG',3,'Y');
Insert into MARKETFULLY.TV_MENU_EXPLAIN (TMB_NUM,TME_ORIGIN,TME_RENAME,TME_SEQ,TME_STATUS) values (9,'4..PNG','20200430214407SEQ4.PNG',4,'Y');
Insert into MARKETFULLY.TV_MENU_EXPLAIN (TMB_NUM,TME_ORIGIN,TME_RENAME,TME_SEQ,TME_STATUS) values (9,'5..PNG','20200430214407SEQ5.PNG',5,'Y');
Insert into MARKETFULLY.TV_MENU_EXPLAIN (TMB_NUM,TME_ORIGIN,TME_RENAME,TME_SEQ,TME_STATUS) values (9,'6..PNG','20200430214407SEQ6.PNG',6,'Y');
Insert into MARKETFULLY.TV_MENU_EXPLAIN (TMB_NUM,TME_ORIGIN,TME_RENAME,TME_SEQ,TME_STATUS) values (9,'7..PNG','20200430214407SEQ7.PNG',7,'Y');
Insert into MARKETFULLY.TV_MENU_EXPLAIN (TMB_NUM,TME_ORIGIN,TME_RENAME,TME_SEQ,TME_STATUS) values (9,'8..PNG','20200430214407SEQ8.PNG',8,'Y');
Insert into MARKETFULLY.TV_MENU_EXPLAIN (TMB_NUM,TME_ORIGIN,TME_RENAME,TME_SEQ,TME_STATUS) values (9,'9.PNG','20200430214407SEQ9.PNG',9,'Y');
Insert into MARKETFULLY.TV_MENU_EXPLAIN (TMB_NUM,TME_ORIGIN,TME_RENAME,TME_SEQ,TME_STATUS) values (10,'1..PNG','20200430214711SEQ1.PNG',1,'Y');
Insert into MARKETFULLY.TV_MENU_EXPLAIN (TMB_NUM,TME_ORIGIN,TME_RENAME,TME_SEQ,TME_STATUS) values (10,'2..PNG','20200430214711SEQ2.PNG',2,'Y');
Insert into MARKETFULLY.TV_MENU_EXPLAIN (TMB_NUM,TME_ORIGIN,TME_RENAME,TME_SEQ,TME_STATUS) values (10,'3..PNG','20200430214711SEQ3.PNG',3,'Y');
Insert into MARKETFULLY.TV_MENU_EXPLAIN (TMB_NUM,TME_ORIGIN,TME_RENAME,TME_SEQ,TME_STATUS) values (10,'4..PNG','20200430214711SEQ4.PNG',4,'Y');
Insert into MARKETFULLY.TV_MENU_EXPLAIN (TMB_NUM,TME_ORIGIN,TME_RENAME,TME_SEQ,TME_STATUS) values (10,'5..PNG','20200430214711SEQ5.PNG',5,'Y');
Insert into MARKETFULLY.TV_MENU_EXPLAIN (TMB_NUM,TME_ORIGIN,TME_RENAME,TME_SEQ,TME_STATUS) values (10,'6..PNG','20200430214711SEQ6.PNG',6,'Y');
Insert into MARKETFULLY.TV_MENU_EXPLAIN (TMB_NUM,TME_ORIGIN,TME_RENAME,TME_SEQ,TME_STATUS) values (10,'7..PNG','20200430214711SEQ7.PNG',7,'Y');
Insert into MARKETFULLY.TV_MENU_EXPLAIN (TMB_NUM,TME_ORIGIN,TME_RENAME,TME_SEQ,TME_STATUS) values (10,'8..PNG','20200430214711SEQ8.PNG',8,'Y');
Insert into MARKETFULLY.TV_MENU_EXPLAIN (TMB_NUM,TME_ORIGIN,TME_RENAME,TME_SEQ,TME_STATUS) values (11,'1..PNG','20200430215010SEQ1.PNG',1,'Y');
Insert into MARKETFULLY.TV_MENU_EXPLAIN (TMB_NUM,TME_ORIGIN,TME_RENAME,TME_SEQ,TME_STATUS) values (11,'2..PNG','20200430215010SEQ2.PNG',2,'Y');
Insert into MARKETFULLY.TV_MENU_EXPLAIN (TMB_NUM,TME_ORIGIN,TME_RENAME,TME_SEQ,TME_STATUS) values (11,'3..PNG','20200430215010SEQ3.PNG',3,'Y');
Insert into MARKETFULLY.TV_MENU_EXPLAIN (TMB_NUM,TME_ORIGIN,TME_RENAME,TME_SEQ,TME_STATUS) values (11,'4..PNG','20200430215010SEQ4.PNG',4,'Y');
Insert into MARKETFULLY.TV_MENU_EXPLAIN (TMB_NUM,TME_ORIGIN,TME_RENAME,TME_SEQ,TME_STATUS) values (11,'5..PNG','20200430215010SEQ5.PNG',5,'Y');
Insert into MARKETFULLY.TV_MENU_EXPLAIN (TMB_NUM,TME_ORIGIN,TME_RENAME,TME_SEQ,TME_STATUS) values (11,'6..PNG','20200430215010SEQ6.PNG',6,'Y');
Insert into MARKETFULLY.TV_MENU_EXPLAIN (TMB_NUM,TME_ORIGIN,TME_RENAME,TME_SEQ,TME_STATUS) values (11,'7..PNG','20200430215010SEQ7.PNG',7,'Y');
Insert into MARKETFULLY.TV_MENU_EXPLAIN (TMB_NUM,TME_ORIGIN,TME_RENAME,TME_SEQ,TME_STATUS) values (12,'1..PNG','20200430215310SEQ1.PNG',1,'Y');
Insert into MARKETFULLY.TV_MENU_EXPLAIN (TMB_NUM,TME_ORIGIN,TME_RENAME,TME_SEQ,TME_STATUS) values (12,'2...PNG','20200430215310SEQ2.PNG',2,'Y');
Insert into MARKETFULLY.TV_MENU_EXPLAIN (TMB_NUM,TME_ORIGIN,TME_RENAME,TME_SEQ,TME_STATUS) values (12,'3..PNG','20200430215310SEQ3.PNG',3,'Y');
Insert into MARKETFULLY.TV_MENU_EXPLAIN (TMB_NUM,TME_ORIGIN,TME_RENAME,TME_SEQ,TME_STATUS) values (12,'4..PNG','20200430215310SEQ4.PNG',4,'Y');
Insert into MARKETFULLY.TV_MENU_EXPLAIN (TMB_NUM,TME_ORIGIN,TME_RENAME,TME_SEQ,TME_STATUS) values (12,'5..PNG','20200430215310SEQ5.PNG',5,'Y');
Insert into MARKETFULLY.TV_MENU_EXPLAIN (TMB_NUM,TME_ORIGIN,TME_RENAME,TME_SEQ,TME_STATUS) values (12,'6..PNG','20200430215310SEQ6.PNG',6,'Y');
Insert into MARKETFULLY.TV_MENU_EXPLAIN (TMB_NUM,TME_ORIGIN,TME_RENAME,TME_SEQ,TME_STATUS) values (12,'7..PNG','20200430215310SEQ7.PNG',7,'Y');
Insert into MARKETFULLY.TV_MENU_EXPLAIN (TMB_NUM,TME_ORIGIN,TME_RENAME,TME_SEQ,TME_STATUS) values (12,'8..PNG','20200430215310SEQ8.PNG',8,'Y');
Insert into MARKETFULLY.TV_MENU_EXPLAIN (TMB_NUM,TME_ORIGIN,TME_RENAME,TME_SEQ,TME_STATUS) values (12,'9..PNG','20200430215310SEQ9.PNG',9,'Y');
Insert into MARKETFULLY.TV_MENU_EXPLAIN (TMB_NUM,TME_ORIGIN,TME_RENAME,TME_SEQ,TME_STATUS) values (13,'1..PNG','20200430215542SEQ1.PNG',1,'Y');
Insert into MARKETFULLY.TV_MENU_EXPLAIN (TMB_NUM,TME_ORIGIN,TME_RENAME,TME_SEQ,TME_STATUS) values (13,'2..PNG','20200430215542SEQ2.PNG',2,'Y');
Insert into MARKETFULLY.TV_MENU_EXPLAIN (TMB_NUM,TME_ORIGIN,TME_RENAME,TME_SEQ,TME_STATUS) values (13,'3..PNG','20200430215542SEQ3.PNG',3,'Y');
Insert into MARKETFULLY.TV_MENU_EXPLAIN (TMB_NUM,TME_ORIGIN,TME_RENAME,TME_SEQ,TME_STATUS) values (13,'4..PNG','20200430215542SEQ4.PNG',4,'Y');
Insert into MARKETFULLY.TV_MENU_EXPLAIN (TMB_NUM,TME_ORIGIN,TME_RENAME,TME_SEQ,TME_STATUS) values (13,'5..PNG','20200430215542SEQ5.PNG',5,'Y');
Insert into MARKETFULLY.TV_MENU_EXPLAIN (TMB_NUM,TME_ORIGIN,TME_RENAME,TME_SEQ,TME_STATUS) values (14,'1.PNG','20200430220429SEQ1.PNG',1,'Y');
Insert into MARKETFULLY.TV_MENU_EXPLAIN (TMB_NUM,TME_ORIGIN,TME_RENAME,TME_SEQ,TME_STATUS) values (14,'2.PNG','20200430220429SEQ2.PNG',2,'Y');
Insert into MARKETFULLY.TV_MENU_EXPLAIN (TMB_NUM,TME_ORIGIN,TME_RENAME,TME_SEQ,TME_STATUS) values (14,'3.PNG','20200430220429SEQ3.PNG',3,'Y');
Insert into MARKETFULLY.TV_MENU_EXPLAIN (TMB_NUM,TME_ORIGIN,TME_RENAME,TME_SEQ,TME_STATUS) values (14,'4.PNG','20200430220429SEQ4.PNG',4,'Y');
Insert into MARKETFULLY.TV_MENU_EXPLAIN (TMB_NUM,TME_ORIGIN,TME_RENAME,TME_SEQ,TME_STATUS) values (14,'5.PNG','20200430220429SEQ5.PNG',5,'Y');
Insert into MARKETFULLY.TV_MENU_EXPLAIN (TMB_NUM,TME_ORIGIN,TME_RENAME,TME_SEQ,TME_STATUS) values (14,'6.PNG','20200430220429SEQ6.PNG',6,'Y');
Insert into MARKETFULLY.TV_MENU_EXPLAIN (TMB_NUM,TME_ORIGIN,TME_RENAME,TME_SEQ,TME_STATUS) values (14,'7.PNG','20200430220429SEQ7.PNG',7,'Y');
Insert into MARKETFULLY.TV_MENU_EXPLAIN (TMB_NUM,TME_ORIGIN,TME_RENAME,TME_SEQ,TME_STATUS) values (14,'main.PNG','20200430220429SEQ8.PNG',8,'Y');
Insert into MARKETFULLY.TV_MENU_EXPLAIN (TMB_NUM,TME_ORIGIN,TME_RENAME,TME_SEQ,TME_STATUS) values (15,'1.PNG','20200430220650SEQ1.PNG',1,'Y');
Insert into MARKETFULLY.TV_MENU_EXPLAIN (TMB_NUM,TME_ORIGIN,TME_RENAME,TME_SEQ,TME_STATUS) values (15,'2.PNG','20200430220650SEQ2.PNG',2,'Y');
Insert into MARKETFULLY.TV_MENU_EXPLAIN (TMB_NUM,TME_ORIGIN,TME_RENAME,TME_SEQ,TME_STATUS) values (15,'3.PNG','20200430220650SEQ3.PNG',3,'Y');
Insert into MARKETFULLY.TV_MENU_EXPLAIN (TMB_NUM,TME_ORIGIN,TME_RENAME,TME_SEQ,TME_STATUS) values (15,'4.PNG','20200430220650SEQ4.PNG',4,'Y');
Insert into MARKETFULLY.TV_MENU_EXPLAIN (TMB_NUM,TME_ORIGIN,TME_RENAME,TME_SEQ,TME_STATUS) values (15,'5.PNG','20200430220650SEQ5.PNG',5,'Y');
Insert into MARKETFULLY.TV_MENU_EXPLAIN (TMB_NUM,TME_ORIGIN,TME_RENAME,TME_SEQ,TME_STATUS) values (15,'6.PNG','20200430220650SEQ6.PNG',6,'Y');
Insert into MARKETFULLY.TV_MENU_EXPLAIN (TMB_NUM,TME_ORIGIN,TME_RENAME,TME_SEQ,TME_STATUS) values (15,'7.PNG','20200430220650SEQ7.PNG',7,'Y');
Insert into MARKETFULLY.TV_MENU_EXPLAIN (TMB_NUM,TME_ORIGIN,TME_RENAME,TME_SEQ,TME_STATUS) values (16,'1.PNG','20200430220848SEQ1.PNG',1,'Y');
Insert into MARKETFULLY.TV_MENU_EXPLAIN (TMB_NUM,TME_ORIGIN,TME_RENAME,TME_SEQ,TME_STATUS) values (16,'2.PNG','20200430220848SEQ2.PNG',2,'Y');
Insert into MARKETFULLY.TV_MENU_EXPLAIN (TMB_NUM,TME_ORIGIN,TME_RENAME,TME_SEQ,TME_STATUS) values (16,'3.PNG','20200430220848SEQ3.PNG',3,'Y');
Insert into MARKETFULLY.TV_MENU_EXPLAIN (TMB_NUM,TME_ORIGIN,TME_RENAME,TME_SEQ,TME_STATUS) values (16,'4.PNG','20200430220848SEQ4.PNG',4,'Y');
Insert into MARKETFULLY.TV_MENU_EXPLAIN (TMB_NUM,TME_ORIGIN,TME_RENAME,TME_SEQ,TME_STATUS) values (16,'5.PNG','20200430220848SEQ5.PNG',5,'Y');
Insert into MARKETFULLY.TV_MENU_EXPLAIN (TMB_NUM,TME_ORIGIN,TME_RENAME,TME_SEQ,TME_STATUS) values (17,'1.png','20200430222200SEQ1.png',1,'Y');
Insert into MARKETFULLY.TV_MENU_EXPLAIN (TMB_NUM,TME_ORIGIN,TME_RENAME,TME_SEQ,TME_STATUS) values (17,'2.png','20200430222200SEQ2.png',2,'Y');
Insert into MARKETFULLY.TV_MENU_EXPLAIN (TMB_NUM,TME_ORIGIN,TME_RENAME,TME_SEQ,TME_STATUS) values (17,'3.png','20200430222200SEQ3.png',3,'Y');
Insert into MARKETFULLY.TV_MENU_EXPLAIN (TMB_NUM,TME_ORIGIN,TME_RENAME,TME_SEQ,TME_STATUS) values (17,'4.png','20200430222200SEQ4.png',4,'Y');
Insert into MARKETFULLY.TV_MENU_EXPLAIN (TMB_NUM,TME_ORIGIN,TME_RENAME,TME_SEQ,TME_STATUS) values (17,'5.png','20200430222200SEQ5.png',5,'Y');
Insert into MARKETFULLY.TV_MENU_EXPLAIN (TMB_NUM,TME_ORIGIN,TME_RENAME,TME_SEQ,TME_STATUS) values (17,'6.png','20200430222200SEQ6.png',6,'Y');
Insert into MARKETFULLY.TV_MENU_EXPLAIN (TMB_NUM,TME_ORIGIN,TME_RENAME,TME_SEQ,TME_STATUS) values (17,'7.png','20200430222200SEQ7.png',7,'Y');
Insert into MARKETFULLY.TV_MENU_EXPLAIN (TMB_NUM,TME_ORIGIN,TME_RENAME,TME_SEQ,TME_STATUS) values (17,'8.png','20200430222200SEQ8.png',8,'Y');
Insert into MARKETFULLY.TV_MENU_EXPLAIN (TMB_NUM,TME_ORIGIN,TME_RENAME,TME_SEQ,TME_STATUS) values (17,'9.png','20200430222200SEQ9.png',9,'Y');
Insert into MARKETFULLY.TV_MENU_EXPLAIN (TMB_NUM,TME_ORIGIN,TME_RENAME,TME_SEQ,TME_STATUS) values (17,'10.png','20200430222200SEQ10.png',10,'Y');
Insert into MARKETFULLY.TV_MENU_EXPLAIN (TMB_NUM,TME_ORIGIN,TME_RENAME,TME_SEQ,TME_STATUS) values (18,'1.PNG','20200430222544SEQ1.PNG',1,'Y');
Insert into MARKETFULLY.TV_MENU_EXPLAIN (TMB_NUM,TME_ORIGIN,TME_RENAME,TME_SEQ,TME_STATUS) values (18,'2.PNG','20200430222544SEQ2.PNG',2,'Y');
Insert into MARKETFULLY.TV_MENU_EXPLAIN (TMB_NUM,TME_ORIGIN,TME_RENAME,TME_SEQ,TME_STATUS) values (18,'3.PNG','20200430222544SEQ3.PNG',3,'Y');
Insert into MARKETFULLY.TV_MENU_EXPLAIN (TMB_NUM,TME_ORIGIN,TME_RENAME,TME_SEQ,TME_STATUS) values (18,'4.PNG','20200430222544SEQ4.PNG',4,'Y');
Insert into MARKETFULLY.TV_MENU_EXPLAIN (TMB_NUM,TME_ORIGIN,TME_RENAME,TME_SEQ,TME_STATUS) values (19,'1.PNG','20200501084201SEQ1.PNG',1,'Y');
Insert into MARKETFULLY.TV_MENU_EXPLAIN (TMB_NUM,TME_ORIGIN,TME_RENAME,TME_SEQ,TME_STATUS) values (19,'2.PNG','20200501084201SEQ2.PNG',2,'Y');
Insert into MARKETFULLY.TV_MENU_EXPLAIN (TMB_NUM,TME_ORIGIN,TME_RENAME,TME_SEQ,TME_STATUS) values (19,'3.PNG','20200501084201SEQ3.PNG',3,'Y');
Insert into MARKETFULLY.TV_MENU_EXPLAIN (TMB_NUM,TME_ORIGIN,TME_RENAME,TME_SEQ,TME_STATUS) values (19,'4.PNG','20200501084201SEQ4.PNG',4,'Y');
Insert into MARKETFULLY.TV_MENU_EXPLAIN (TMB_NUM,TME_ORIGIN,TME_RENAME,TME_SEQ,TME_STATUS) values (19,'5.PNG','20200501084201SEQ5.PNG',5,'Y');
Insert into MARKETFULLY.TV_MENU_EXPLAIN (TMB_NUM,TME_ORIGIN,TME_RENAME,TME_SEQ,TME_STATUS) values (19,'6.PNG','20200501084201SEQ6.PNG',6,'Y');
Insert into MARKETFULLY.TV_MENU_EXPLAIN (TMB_NUM,TME_ORIGIN,TME_RENAME,TME_SEQ,TME_STATUS) values (19,'7.PNG','20200501084201SEQ7.PNG',7,'Y');
Insert into MARKETFULLY.TV_MENU_EXPLAIN (TMB_NUM,TME_ORIGIN,TME_RENAME,TME_SEQ,TME_STATUS) values (19,'8.PNG','20200501084201SEQ8.PNG',8,'Y');
Insert into MARKETFULLY.TV_MENU_EXPLAIN (TMB_NUM,TME_ORIGIN,TME_RENAME,TME_SEQ,TME_STATUS) values (20,'1.PNG','20200501084858SEQ1.PNG',1,'Y');
Insert into MARKETFULLY.TV_MENU_EXPLAIN (TMB_NUM,TME_ORIGIN,TME_RENAME,TME_SEQ,TME_STATUS) values (20,'2.PNG','20200501084858SEQ2.PNG',2,'Y');
Insert into MARKETFULLY.TV_MENU_EXPLAIN (TMB_NUM,TME_ORIGIN,TME_RENAME,TME_SEQ,TME_STATUS) values (20,'3.PNG','20200501084858SEQ3.PNG',3,'Y');
Insert into MARKETFULLY.TV_MENU_EXPLAIN (TMB_NUM,TME_ORIGIN,TME_RENAME,TME_SEQ,TME_STATUS) values (20,'4.PNG','20200501084858SEQ4.PNG',4,'Y');
Insert into MARKETFULLY.TV_MENU_EXPLAIN (TMB_NUM,TME_ORIGIN,TME_RENAME,TME_SEQ,TME_STATUS) values (20,'5.PNG','20200501084858SEQ5.PNG',5,'Y');
Insert into MARKETFULLY.TV_MENU_EXPLAIN (TMB_NUM,TME_ORIGIN,TME_RENAME,TME_SEQ,TME_STATUS) values (22,'1.PNG','20200501090213SEQ1.PNG',1,'Y');
Insert into MARKETFULLY.TV_MENU_EXPLAIN (TMB_NUM,TME_ORIGIN,TME_RENAME,TME_SEQ,TME_STATUS) values (22,'2.PNG','20200501090213SEQ2.PNG',2,'Y');
Insert into MARKETFULLY.TV_MENU_EXPLAIN (TMB_NUM,TME_ORIGIN,TME_RENAME,TME_SEQ,TME_STATUS) values (22,'3.PNG','20200501090213SEQ3.PNG',3,'Y');
Insert into MARKETFULLY.TV_MENU_EXPLAIN (TMB_NUM,TME_ORIGIN,TME_RENAME,TME_SEQ,TME_STATUS) values (22,'4.PNG','20200501090213SEQ4.PNG',4,'Y');
Insert into MARKETFULLY.TV_MENU_EXPLAIN (TMB_NUM,TME_ORIGIN,TME_RENAME,TME_SEQ,TME_STATUS) values (22,'5.PNG','20200501090213SEQ5.PNG',5,'Y');
Insert into MARKETFULLY.TV_MENU_EXPLAIN (TMB_NUM,TME_ORIGIN,TME_RENAME,TME_SEQ,TME_STATUS) values (22,'6.PNG','20200501090213SEQ6.PNG',6,'Y');
Insert into MARKETFULLY.TV_MENU_EXPLAIN (TMB_NUM,TME_ORIGIN,TME_RENAME,TME_SEQ,TME_STATUS) values (22,'7.PNG','20200501090213SEQ7.PNG',7,'Y');
Insert into MARKETFULLY.TV_MENU_EXPLAIN (TMB_NUM,TME_ORIGIN,TME_RENAME,TME_SEQ,TME_STATUS) values (23,'1.PNG','20200501090446SEQ1.PNG',1,'Y');
Insert into MARKETFULLY.TV_MENU_EXPLAIN (TMB_NUM,TME_ORIGIN,TME_RENAME,TME_SEQ,TME_STATUS) values (23,'2.PNG','20200501090446SEQ2.PNG',2,'Y');
Insert into MARKETFULLY.TV_MENU_EXPLAIN (TMB_NUM,TME_ORIGIN,TME_RENAME,TME_SEQ,TME_STATUS) values (23,'3.PNG','20200501090446SEQ3.PNG',3,'Y');
Insert into MARKETFULLY.TV_MENU_EXPLAIN (TMB_NUM,TME_ORIGIN,TME_RENAME,TME_SEQ,TME_STATUS) values (23,'4.PNG','20200501090446SEQ4.PNG',4,'Y');
Insert into MARKETFULLY.TV_MENU_EXPLAIN (TMB_NUM,TME_ORIGIN,TME_RENAME,TME_SEQ,TME_STATUS) values (23,'5.PNG','20200501090446SEQ5.PNG',5,'Y');
Insert into MARKETFULLY.TV_MENU_EXPLAIN (TMB_NUM,TME_ORIGIN,TME_RENAME,TME_SEQ,TME_STATUS) values (23,'6.PNG','20200501090446SEQ6.PNG',6,'Y');
Insert into MARKETFULLY.TV_MENU_EXPLAIN (TMB_NUM,TME_ORIGIN,TME_RENAME,TME_SEQ,TME_STATUS) values (23,'7.PNG','20200501090446SEQ7.PNG',7,'Y');
Insert into MARKETFULLY.TV_MENU_EXPLAIN (TMB_NUM,TME_ORIGIN,TME_RENAME,TME_SEQ,TME_STATUS) values (23,'8.PNG','20200501090446SEQ8.PNG',8,'Y');
Insert into MARKETFULLY.TV_MENU_EXPLAIN (TMB_NUM,TME_ORIGIN,TME_RENAME,TME_SEQ,TME_STATUS) values (23,'9.PNG','20200501090446SEQ9.PNG',9,'Y');
Insert into MARKETFULLY.TV_MENU_EXPLAIN (TMB_NUM,TME_ORIGIN,TME_RENAME,TME_SEQ,TME_STATUS) values (23,'10.PNG','20200501090446SEQ10.PNG',10,'Y');
Insert into MARKETFULLY.TV_MENU_EXPLAIN (TMB_NUM,TME_ORIGIN,TME_RENAME,TME_SEQ,TME_STATUS) values (24,'1.PNG','20200501090644SEQ1.PNG',1,'Y');
Insert into MARKETFULLY.TV_MENU_EXPLAIN (TMB_NUM,TME_ORIGIN,TME_RENAME,TME_SEQ,TME_STATUS) values (24,'2.PNG','20200501090644SEQ2.PNG',2,'Y');
Insert into MARKETFULLY.TV_MENU_EXPLAIN (TMB_NUM,TME_ORIGIN,TME_RENAME,TME_SEQ,TME_STATUS) values (24,'3.PNG','20200501090644SEQ3.PNG',3,'Y');
Insert into MARKETFULLY.TV_MENU_EXPLAIN (TMB_NUM,TME_ORIGIN,TME_RENAME,TME_SEQ,TME_STATUS) values (24,'4.PNG','20200501090644SEQ4.PNG',4,'Y');
Insert into MARKETFULLY.TV_MENU_EXPLAIN (TMB_NUM,TME_ORIGIN,TME_RENAME,TME_SEQ,TME_STATUS) values (24,'5..PNG','20200501090644SEQ5.PNG',5,'Y');
Insert into MARKETFULLY.TV_MENU_EXPLAIN (TMB_NUM,TME_ORIGIN,TME_RENAME,TME_SEQ,TME_STATUS) values (24,'6.PNG','20200501090644SEQ6.PNG',6,'Y');
Insert into MARKETFULLY.TV_MENU_EXPLAIN (TMB_NUM,TME_ORIGIN,TME_RENAME,TME_SEQ,TME_STATUS) values (24,'7.PNG','20200501090644SEQ7.PNG',7,'Y');
Insert into MARKETFULLY.TV_MENU_EXPLAIN (TMB_NUM,TME_ORIGIN,TME_RENAME,TME_SEQ,TME_STATUS) values (24,'8.PNG','20200501090644SEQ8.PNG',8,'Y');
Insert into MARKETFULLY.TV_MENU_EXPLAIN (TMB_NUM,TME_ORIGIN,TME_RENAME,TME_SEQ,TME_STATUS) values (24,'9.PNG','20200501090644SEQ9.PNG',9,'Y');
Insert into MARKETFULLY.TV_MENU_EXPLAIN (TMB_NUM,TME_ORIGIN,TME_RENAME,TME_SEQ,TME_STATUS) values (24,'10.PNG','20200501090644SEQ10.PNG',10,'Y');
REM INSERTING into MARKETFULLY.TV_MENU_PRODUCT
SET DEFINE OFF;
Insert into MARKETFULLY.TV_MENU_PRODUCT (TMB_NUM,PR_CODE,PR_EACH) values (3,168,1);
Insert into MARKETFULLY.TV_MENU_PRODUCT (TMB_NUM,PR_CODE,PR_EACH) values (3,177,1);
Insert into MARKETFULLY.TV_MENU_PRODUCT (TMB_NUM,PR_CODE,PR_EACH) values (4,185,1);
Insert into MARKETFULLY.TV_MENU_PRODUCT (TMB_NUM,PR_CODE,PR_EACH) values (4,168,1);
Insert into MARKETFULLY.TV_MENU_PRODUCT (TMB_NUM,PR_CODE,PR_EACH) values (4,182,1);
Insert into MARKETFULLY.TV_MENU_PRODUCT (TMB_NUM,PR_CODE,PR_EACH) values (5,176,1);
Insert into MARKETFULLY.TV_MENU_PRODUCT (TMB_NUM,PR_CODE,PR_EACH) values (3,102,1);
Insert into MARKETFULLY.TV_MENU_PRODUCT (TMB_NUM,PR_CODE,PR_EACH) values (3,175,1);
Insert into MARKETFULLY.TV_MENU_PRODUCT (TMB_NUM,PR_CODE,PR_EACH) values (5,127,1);
Insert into MARKETFULLY.TV_MENU_PRODUCT (TMB_NUM,PR_CODE,PR_EACH) values (5,182,1);
Insert into MARKETFULLY.TV_MENU_PRODUCT (TMB_NUM,PR_CODE,PR_EACH) values (6,90,1);
Insert into MARKETFULLY.TV_MENU_PRODUCT (TMB_NUM,PR_CODE,PR_EACH) values (6,184,1);
Insert into MARKETFULLY.TV_MENU_PRODUCT (TMB_NUM,PR_CODE,PR_EACH) values (6,127,1);
Insert into MARKETFULLY.TV_MENU_PRODUCT (TMB_NUM,PR_CODE,PR_EACH) values (7,175,1);
Insert into MARKETFULLY.TV_MENU_PRODUCT (TMB_NUM,PR_CODE,PR_EACH) values (7,123,1);
Insert into MARKETFULLY.TV_MENU_PRODUCT (TMB_NUM,PR_CODE,PR_EACH) values (7,177,1);
Insert into MARKETFULLY.TV_MENU_PRODUCT (TMB_NUM,PR_CODE,PR_EACH) values (8,104,1);
Insert into MARKETFULLY.TV_MENU_PRODUCT (TMB_NUM,PR_CODE,PR_EACH) values (8,182,1);
Insert into MARKETFULLY.TV_MENU_PRODUCT (TMB_NUM,PR_CODE,PR_EACH) values (9,88,1);
Insert into MARKETFULLY.TV_MENU_PRODUCT (TMB_NUM,PR_CODE,PR_EACH) values (9,155,1);
Insert into MARKETFULLY.TV_MENU_PRODUCT (TMB_NUM,PR_CODE,PR_EACH) values (10,78,1);
Insert into MARKETFULLY.TV_MENU_PRODUCT (TMB_NUM,PR_CODE,PR_EACH) values (10,123,1);
Insert into MARKETFULLY.TV_MENU_PRODUCT (TMB_NUM,PR_CODE,PR_EACH) values (11,79,1);
Insert into MARKETFULLY.TV_MENU_PRODUCT (TMB_NUM,PR_CODE,PR_EACH) values (11,123,1);
Insert into MARKETFULLY.TV_MENU_PRODUCT (TMB_NUM,PR_CODE,PR_EACH) values (11,202,1);
Insert into MARKETFULLY.TV_MENU_PRODUCT (TMB_NUM,PR_CODE,PR_EACH) values (12,92,1);
Insert into MARKETFULLY.TV_MENU_PRODUCT (TMB_NUM,PR_CODE,PR_EACH) values (12,123,1);
Insert into MARKETFULLY.TV_MENU_PRODUCT (TMB_NUM,PR_CODE,PR_EACH) values (12,202,1);
Insert into MARKETFULLY.TV_MENU_PRODUCT (TMB_NUM,PR_CODE,PR_EACH) values (13,92,1);
Insert into MARKETFULLY.TV_MENU_PRODUCT (TMB_NUM,PR_CODE,PR_EACH) values (13,178,1);
Insert into MARKETFULLY.TV_MENU_PRODUCT (TMB_NUM,PR_CODE,PR_EACH) values (13,182,1);
Insert into MARKETFULLY.TV_MENU_PRODUCT (TMB_NUM,PR_CODE,PR_EACH) values (14,98,1);
Insert into MARKETFULLY.TV_MENU_PRODUCT (TMB_NUM,PR_CODE,PR_EACH) values (14,144,1);
Insert into MARKETFULLY.TV_MENU_PRODUCT (TMB_NUM,PR_CODE,PR_EACH) values (14,177,1);
Insert into MARKETFULLY.TV_MENU_PRODUCT (TMB_NUM,PR_CODE,PR_EACH) values (15,82,1);
Insert into MARKETFULLY.TV_MENU_PRODUCT (TMB_NUM,PR_CODE,PR_EACH) values (15,125,1);
Insert into MARKETFULLY.TV_MENU_PRODUCT (TMB_NUM,PR_CODE,PR_EACH) values (15,184,1);
Insert into MARKETFULLY.TV_MENU_PRODUCT (TMB_NUM,PR_CODE,PR_EACH) values (16,178,1);
Insert into MARKETFULLY.TV_MENU_PRODUCT (TMB_NUM,PR_CODE,PR_EACH) values (16,203,1);
Insert into MARKETFULLY.TV_MENU_PRODUCT (TMB_NUM,PR_CODE,PR_EACH) values (16,198,1);
Insert into MARKETFULLY.TV_MENU_PRODUCT (TMB_NUM,PR_CODE,PR_EACH) values (17,102,1);
Insert into MARKETFULLY.TV_MENU_PRODUCT (TMB_NUM,PR_CODE,PR_EACH) values (17,79,1);
Insert into MARKETFULLY.TV_MENU_PRODUCT (TMB_NUM,PR_CODE,PR_EACH) values (17,79,1);
Insert into MARKETFULLY.TV_MENU_PRODUCT (TMB_NUM,PR_CODE,PR_EACH) values (17,182,1);
Insert into MARKETFULLY.TV_MENU_PRODUCT (TMB_NUM,PR_CODE,PR_EACH) values (18,176,1);
Insert into MARKETFULLY.TV_MENU_PRODUCT (TMB_NUM,PR_CODE,PR_EACH) values (18,80,1);
Insert into MARKETFULLY.TV_MENU_PRODUCT (TMB_NUM,PR_CODE,PR_EACH) values (18,116,1);
Insert into MARKETFULLY.TV_MENU_PRODUCT (TMB_NUM,PR_CODE,PR_EACH) values (19,102,1);
Insert into MARKETFULLY.TV_MENU_PRODUCT (TMB_NUM,PR_CODE,PR_EACH) values (19,200,1);
Insert into MARKETFULLY.TV_MENU_PRODUCT (TMB_NUM,PR_CODE,PR_EACH) values (19,79,1);
Insert into MARKETFULLY.TV_MENU_PRODUCT (TMB_NUM,PR_CODE,PR_EACH) values (20,201,1);
Insert into MARKETFULLY.TV_MENU_PRODUCT (TMB_NUM,PR_CODE,PR_EACH) values (20,196,1);
Insert into MARKETFULLY.TV_MENU_PRODUCT (TMB_NUM,PR_CODE,PR_EACH) values (20,161,1);
Insert into MARKETFULLY.TV_MENU_PRODUCT (TMB_NUM,PR_CODE,PR_EACH) values (21,179,1);
Insert into MARKETFULLY.TV_MENU_PRODUCT (TMB_NUM,PR_CODE,PR_EACH) values (21,199,1);
Insert into MARKETFULLY.TV_MENU_PRODUCT (TMB_NUM,PR_CODE,PR_EACH) values (22,115,1);
Insert into MARKETFULLY.TV_MENU_PRODUCT (TMB_NUM,PR_CODE,PR_EACH) values (22,184,1);
Insert into MARKETFULLY.TV_MENU_PRODUCT (TMB_NUM,PR_CODE,PR_EACH) values (22,149,1);
Insert into MARKETFULLY.TV_MENU_PRODUCT (TMB_NUM,PR_CODE,PR_EACH) values (23,148,1);
Insert into MARKETFULLY.TV_MENU_PRODUCT (TMB_NUM,PR_CODE,PR_EACH) values (23,193,1);
Insert into MARKETFULLY.TV_MENU_PRODUCT (TMB_NUM,PR_CODE,PR_EACH) values (24,200,1);
Insert into MARKETFULLY.TV_MENU_PRODUCT (TMB_NUM,PR_CODE,PR_EACH) values (24,191,1);
Insert into MARKETFULLY.TV_MENU_PRODUCT (TMB_NUM,PR_CODE,PR_EACH) values (24,127,1);
REM INSERTING into MARKETFULLY.TV_MENU_REPLY
SET DEFINE OFF;
Insert into MARKETFULLY.TV_MENU_REPLY (TMR_NUM,TMB_NUM,TMR_WRITER,TMR_CDATE,TMR_THANK,TMR_STATUS) values (3,18,'sunyub7485',to_date('20/05/01','RR/MM/DD'),0,'Y');
Insert into MARKETFULLY.TV_MENU_REPLY (TMR_NUM,TMB_NUM,TMR_WRITER,TMR_CDATE,TMR_THANK,TMR_STATUS) values (1,3,'test3',to_date('20/04/30','RR/MM/DD'),0,'Y');
Insert into MARKETFULLY.TV_MENU_REPLY (TMR_NUM,TMB_NUM,TMR_WRITER,TMR_CDATE,TMR_THANK,TMR_STATUS) values (2,24,'test5',to_date('20/05/01','RR/MM/DD'),0,'N');
REM INSERTING into MARKETFULLY.USER_BOARD_LIKE
SET DEFINE OFF;
REM INSERTING into MARKETFULLY.USER_MENU_BOARD
SET DEFINE OFF;
Insert into MARKETFULLY.USER_MENU_BOARD (UMB_NUM,UMB_TITLE,UMB_CDATE,UMB_WRITER,UMB_ORIGIN,UMB_RENAME,UMB_THANK,UMB_COUNT,UMB_RCOUNT,UMB_STATUS,MC_CATE_NUM,UMB_SERVING,UMB_TIME,UMB_LEVEL) values (19,'섭산적',to_date('20/04/30','RR/MM/DD'),null,'main.PNG','20200430202541SEQ0.PNG',0,4,0,'Y',102,1,60,5);
Insert into MARKETFULLY.USER_MENU_BOARD (UMB_NUM,UMB_TITLE,UMB_CDATE,UMB_WRITER,UMB_ORIGIN,UMB_RENAME,UMB_THANK,UMB_COUNT,UMB_RCOUNT,UMB_STATUS,MC_CATE_NUM,UMB_SERVING,UMB_TIME,UMB_LEVEL) values (20,'유채 우동 달걀찜',to_date('20/04/30','RR/MM/DD'),null,'main.PNG','20200430203817SEQ0.PNG',1,7,0,'Y',104,1,10,2);
Insert into MARKETFULLY.USER_MENU_BOARD (UMB_NUM,UMB_TITLE,UMB_CDATE,UMB_WRITER,UMB_ORIGIN,UMB_RENAME,UMB_THANK,UMB_COUNT,UMB_RCOUNT,UMB_STATUS,MC_CATE_NUM,UMB_SERVING,UMB_TIME,UMB_LEVEL) values (21,'시래기 곱창전골',to_date('20/04/30','RR/MM/DD'),null,'6.jpg','20200430203855SEQ0.jpg',0,3,0,'Y',102,2,15,3);
Insert into MARKETFULLY.USER_MENU_BOARD (UMB_NUM,UMB_TITLE,UMB_CDATE,UMB_WRITER,UMB_ORIGIN,UMB_RENAME,UMB_THANK,UMB_COUNT,UMB_RCOUNT,UMB_STATUS,MC_CATE_NUM,UMB_SERVING,UMB_TIME,UMB_LEVEL) values (22,'오삼불고기',to_date('20/04/30','RR/MM/DD'),null,'main.PNG','20200430204236SEQ0.PNG',0,2,0,'Y',102,3,15,4);
Insert into MARKETFULLY.USER_MENU_BOARD (UMB_NUM,UMB_TITLE,UMB_CDATE,UMB_WRITER,UMB_ORIGIN,UMB_RENAME,UMB_THANK,UMB_COUNT,UMB_RCOUNT,UMB_STATUS,MC_CATE_NUM,UMB_SERVING,UMB_TIME,UMB_LEVEL) values (23,'장국죽',to_date('20/04/30','RR/MM/DD'),null,'main.PNG','20200430204620SEQ0.PNG',1,15,0,'Y',102,1,15,1);
Insert into MARKETFULLY.USER_MENU_BOARD (UMB_NUM,UMB_TITLE,UMB_CDATE,UMB_WRITER,UMB_ORIGIN,UMB_RENAME,UMB_THANK,UMB_COUNT,UMB_RCOUNT,UMB_STATUS,MC_CATE_NUM,UMB_SERVING,UMB_TIME,UMB_LEVEL) values (17,'깍두기 볶음밥',to_date('20/04/30','RR/MM/DD'),null,'main.PNG','20200430202040SEQ0.PNG',0,5,0,'Y',102,1,30,3);
Insert into MARKETFULLY.USER_MENU_BOARD (UMB_NUM,UMB_TITLE,UMB_CDATE,UMB_WRITER,UMB_ORIGIN,UMB_RENAME,UMB_THANK,UMB_COUNT,UMB_RCOUNT,UMB_STATUS,MC_CATE_NUM,UMB_SERVING,UMB_TIME,UMB_LEVEL) values (18,'라따뚜이',to_date('20/04/30','RR/MM/DD'),null,'1.png','20200430202338SEQ0.png',0,0,0,'Y',103,1,20,1);
Insert into MARKETFULLY.USER_MENU_BOARD (UMB_NUM,UMB_TITLE,UMB_CDATE,UMB_WRITER,UMB_ORIGIN,UMB_RENAME,UMB_THANK,UMB_COUNT,UMB_RCOUNT,UMB_STATUS,MC_CATE_NUM,UMB_SERVING,UMB_TIME,UMB_LEVEL) values (24,'구름탕수육',to_date('20/04/30','RR/MM/DD'),null,'main.PNG','20200430204725SEQ0.PNG',0,1,0,'Y',105,2,30,2);
Insert into MARKETFULLY.USER_MENU_BOARD (UMB_NUM,UMB_TITLE,UMB_CDATE,UMB_WRITER,UMB_ORIGIN,UMB_RENAME,UMB_THANK,UMB_COUNT,UMB_RCOUNT,UMB_STATUS,MC_CATE_NUM,UMB_SERVING,UMB_TIME,UMB_LEVEL) values (25,'완탕면',to_date('20/04/30','RR/MM/DD'),null,'main.png','20200430211004SEQ0.png',0,0,0,'Y',105,3,10,2);
Insert into MARKETFULLY.USER_MENU_BOARD (UMB_NUM,UMB_TITLE,UMB_CDATE,UMB_WRITER,UMB_ORIGIN,UMB_RENAME,UMB_THANK,UMB_COUNT,UMB_RCOUNT,UMB_STATUS,MC_CATE_NUM,UMB_SERVING,UMB_TIME,UMB_LEVEL) values (26,'두부그라탱',to_date('20/04/30','RR/MM/DD'),null,'vv.JPG','20200430211028SEQ0.JPG',0,0,0,'Y',103,1,10,2);
Insert into MARKETFULLY.USER_MENU_BOARD (UMB_NUM,UMB_TITLE,UMB_CDATE,UMB_WRITER,UMB_ORIGIN,UMB_RENAME,UMB_THANK,UMB_COUNT,UMB_RCOUNT,UMB_STATUS,MC_CATE_NUM,UMB_SERVING,UMB_TIME,UMB_LEVEL) values (27,'강호동 불고기 파스타',to_date('20/04/30','RR/MM/DD'),null,'캡처.PNG','20200430211043SEQ0.PNG',0,0,0,'Y',1,2,30,3);
Insert into MARKETFULLY.USER_MENU_BOARD (UMB_NUM,UMB_TITLE,UMB_CDATE,UMB_WRITER,UMB_ORIGIN,UMB_RENAME,UMB_THANK,UMB_COUNT,UMB_RCOUNT,UMB_STATUS,MC_CATE_NUM,UMB_SERVING,UMB_TIME,UMB_LEVEL) values (28,'강호동 불고기 파스타',to_date('20/04/30','RR/MM/DD'),null,'캡처.PNG','20200430211354SEQ0.PNG',0,0,0,'Y',1,1,15,2);
Insert into MARKETFULLY.USER_MENU_BOARD (UMB_NUM,UMB_TITLE,UMB_CDATE,UMB_WRITER,UMB_ORIGIN,UMB_RENAME,UMB_THANK,UMB_COUNT,UMB_RCOUNT,UMB_STATUS,MC_CATE_NUM,UMB_SERVING,UMB_TIME,UMB_LEVEL) values (29,'중식 달걀 밥',to_date('20/04/30','RR/MM/DD'),null,'main.jpg','20200430211433SEQ0.jpg',0,0,0,'Y',105,3,15,2);
Insert into MARKETFULLY.USER_MENU_BOARD (UMB_NUM,UMB_TITLE,UMB_CDATE,UMB_WRITER,UMB_ORIGIN,UMB_RENAME,UMB_THANK,UMB_COUNT,UMB_RCOUNT,UMB_STATUS,MC_CATE_NUM,UMB_SERVING,UMB_TIME,UMB_LEVEL) values (30,'경양식 돈까스',to_date('20/04/30','RR/MM/DD'),null,'vv.JPG','20200430211623SEQ0.JPG',0,1,0,'Y',103,3,20,5);
Insert into MARKETFULLY.USER_MENU_BOARD (UMB_NUM,UMB_TITLE,UMB_CDATE,UMB_WRITER,UMB_ORIGIN,UMB_RENAME,UMB_THANK,UMB_COUNT,UMB_RCOUNT,UMB_STATUS,MC_CATE_NUM,UMB_SERVING,UMB_TIME,UMB_LEVEL) values (31,'서양식 홍합탕',to_date('20/04/30','RR/MM/DD'),null,'vv.JPG','20200430212035SEQ0.JPG',0,0,0,'Y',106,2,30,3);
Insert into MARKETFULLY.USER_MENU_BOARD (UMB_NUM,UMB_TITLE,UMB_CDATE,UMB_WRITER,UMB_ORIGIN,UMB_RENAME,UMB_THANK,UMB_COUNT,UMB_RCOUNT,UMB_STATUS,MC_CATE_NUM,UMB_SERVING,UMB_TIME,UMB_LEVEL) values (32,'돈카츠나베만들기',to_date('20/04/30','RR/MM/DD'),null,'main.PNG','20200430212208SEQ0.PNG',0,2,0,'Y',104,1,60,3);
Insert into MARKETFULLY.USER_MENU_BOARD (UMB_NUM,UMB_TITLE,UMB_CDATE,UMB_WRITER,UMB_ORIGIN,UMB_RENAME,UMB_THANK,UMB_COUNT,UMB_RCOUNT,UMB_STATUS,MC_CATE_NUM,UMB_SERVING,UMB_TIME,UMB_LEVEL) values (33,'원팬 브런치',to_date('20/04/30','RR/MM/DD'),null,'vv.JPG','20200430212924SEQ0.JPG',0,0,0,'Y',103,1,10,3);
Insert into MARKETFULLY.USER_MENU_BOARD (UMB_NUM,UMB_TITLE,UMB_CDATE,UMB_WRITER,UMB_ORIGIN,UMB_RENAME,UMB_THANK,UMB_COUNT,UMB_RCOUNT,UMB_STATUS,MC_CATE_NUM,UMB_SERVING,UMB_TIME,UMB_LEVEL) values (34,'일본식 계란찜',to_date('20/04/30','RR/MM/DD'),null,'vv.JPG','20200430213455SEQ0.JPG',0,0,0,'Y',104,1,10,2);
Insert into MARKETFULLY.USER_MENU_BOARD (UMB_NUM,UMB_TITLE,UMB_CDATE,UMB_WRITER,UMB_ORIGIN,UMB_RENAME,UMB_THANK,UMB_COUNT,UMB_RCOUNT,UMB_STATUS,MC_CATE_NUM,UMB_SERVING,UMB_TIME,UMB_LEVEL) values (35,'새송이버섯 간장버터구이',to_date('20/04/30','RR/MM/DD'),null,'main.PNG','20200430213735SEQ0.PNG',0,0,0,'Y',106,2,15,3);
Insert into MARKETFULLY.USER_MENU_BOARD (UMB_NUM,UMB_TITLE,UMB_CDATE,UMB_WRITER,UMB_ORIGIN,UMB_RENAME,UMB_THANK,UMB_COUNT,UMB_RCOUNT,UMB_STATUS,MC_CATE_NUM,UMB_SERVING,UMB_TIME,UMB_LEVEL) values (36,'일식 만능간장 레시피(쯔유)',to_date('20/04/30','RR/MM/DD'),null,'vv.JPG','20200430214050SEQ0.JPG',0,0,0,'Y',104,3,15,4);
Insert into MARKETFULLY.USER_MENU_BOARD (UMB_NUM,UMB_TITLE,UMB_CDATE,UMB_WRITER,UMB_ORIGIN,UMB_RENAME,UMB_THANK,UMB_COUNT,UMB_RCOUNT,UMB_STATUS,MC_CATE_NUM,UMB_SERVING,UMB_TIME,UMB_LEVEL) values (37,'담백한 새우연두부달걀탕',to_date('20/04/30','RR/MM/DD'),null,'달걀탕.jpg','20200430214117SEQ0.jpg',0,0,0,'Y',106,2,15,3);
Insert into MARKETFULLY.USER_MENU_BOARD (UMB_NUM,UMB_TITLE,UMB_CDATE,UMB_WRITER,UMB_ORIGIN,UMB_RENAME,UMB_THANK,UMB_COUNT,UMB_RCOUNT,UMB_STATUS,MC_CATE_NUM,UMB_SERVING,UMB_TIME,UMB_LEVEL) values (38,'더덕구이 l 한식자격증실기 l',to_date('20/04/30','RR/MM/DD'),null,'main.jpg','20200430214640SEQ0.jpg',0,0,0,'Y',106,2,10,3);
Insert into MARKETFULLY.USER_MENU_BOARD (UMB_NUM,UMB_TITLE,UMB_CDATE,UMB_WRITER,UMB_ORIGIN,UMB_RENAME,UMB_THANK,UMB_COUNT,UMB_RCOUNT,UMB_STATUS,MC_CATE_NUM,UMB_SERVING,UMB_TIME,UMB_LEVEL) values (39,'깐풍소스 중식요리 레시피',to_date('20/04/30','RR/MM/DD'),null,'main.jpg','20200430215033SEQ0.jpg',0,0,0,'Y',105,3,20,4);
Insert into MARKETFULLY.USER_MENU_BOARD (UMB_NUM,UMB_TITLE,UMB_CDATE,UMB_WRITER,UMB_ORIGIN,UMB_RENAME,UMB_THANK,UMB_COUNT,UMB_RCOUNT,UMB_STATUS,MC_CATE_NUM,UMB_SERVING,UMB_TIME,UMB_LEVEL) values (40,'완전맛있는 차돌박이찜!',to_date('20/05/01','RR/MM/DD'),null,'main.jpg','20200501121520SEQ0.jpg',0,1,0,'Y',102,2,10,3);
REM INSERTING into MARKETFULLY.USER_MENU_EXPLAIN
SET DEFINE OFF;
Insert into MARKETFULLY.USER_MENU_EXPLAIN (UMB_NUM,UME_ORIGIN,UME_RENAME,UME_SEQ,UME_STATUS) values (17,'3.PNG','20200430202040SEQ3.PNG',3,'Y');
Insert into MARKETFULLY.USER_MENU_EXPLAIN (UMB_NUM,UME_ORIGIN,UME_RENAME,UME_SEQ,UME_STATUS) values (17,'4.PNG','20200430202040SEQ4.PNG',4,'Y');
Insert into MARKETFULLY.USER_MENU_EXPLAIN (UMB_NUM,UME_ORIGIN,UME_RENAME,UME_SEQ,UME_STATUS) values (18,'2.png','20200430202338SEQ1.png',1,'Y');
Insert into MARKETFULLY.USER_MENU_EXPLAIN (UMB_NUM,UME_ORIGIN,UME_RENAME,UME_SEQ,UME_STATUS) values (18,'3.png','20200430202338SEQ2.png',2,'Y');
Insert into MARKETFULLY.USER_MENU_EXPLAIN (UMB_NUM,UME_ORIGIN,UME_RENAME,UME_SEQ,UME_STATUS) values (19,'1.PNG','20200430202541SEQ1.PNG',1,'Y');
Insert into MARKETFULLY.USER_MENU_EXPLAIN (UMB_NUM,UME_ORIGIN,UME_RENAME,UME_SEQ,UME_STATUS) values (19,'2.PNG','20200430202541SEQ2.PNG',2,'Y');
Insert into MARKETFULLY.USER_MENU_EXPLAIN (UMB_NUM,UME_ORIGIN,UME_RENAME,UME_SEQ,UME_STATUS) values (19,'3.PNG','20200430202541SEQ3.PNG',3,'Y');
Insert into MARKETFULLY.USER_MENU_EXPLAIN (UMB_NUM,UME_ORIGIN,UME_RENAME,UME_SEQ,UME_STATUS) values (19,'4.PNG','20200430202541SEQ4.PNG',4,'Y');
Insert into MARKETFULLY.USER_MENU_EXPLAIN (UMB_NUM,UME_ORIGIN,UME_RENAME,UME_SEQ,UME_STATUS) values (19,'5.PNG','20200430202541SEQ5.PNG',5,'Y');
Insert into MARKETFULLY.USER_MENU_EXPLAIN (UMB_NUM,UME_ORIGIN,UME_RENAME,UME_SEQ,UME_STATUS) values (19,'6.PNG','20200430202541SEQ6.PNG',6,'Y');
Insert into MARKETFULLY.USER_MENU_EXPLAIN (UMB_NUM,UME_ORIGIN,UME_RENAME,UME_SEQ,UME_STATUS) values (19,'7.PNG','20200430202541SEQ7.PNG',7,'Y');
Insert into MARKETFULLY.USER_MENU_EXPLAIN (UMB_NUM,UME_ORIGIN,UME_RENAME,UME_SEQ,UME_STATUS) values (19,'8.PNG','20200430202541SEQ8.PNG',8,'Y');
Insert into MARKETFULLY.USER_MENU_EXPLAIN (UMB_NUM,UME_ORIGIN,UME_RENAME,UME_SEQ,UME_STATUS) values (19,'9.PNG','20200430202541SEQ9.PNG',9,'Y');
Insert into MARKETFULLY.USER_MENU_EXPLAIN (UMB_NUM,UME_ORIGIN,UME_RENAME,UME_SEQ,UME_STATUS) values (20,'1.jpg','20200430203817SEQ1.jpg',1,'Y');
Insert into MARKETFULLY.USER_MENU_EXPLAIN (UMB_NUM,UME_ORIGIN,UME_RENAME,UME_SEQ,UME_STATUS) values (20,'2.jpg','20200430203817SEQ2.jpg',2,'Y');
Insert into MARKETFULLY.USER_MENU_EXPLAIN (UMB_NUM,UME_ORIGIN,UME_RENAME,UME_SEQ,UME_STATUS) values (20,'3.jpg','20200430203817SEQ3.jpg',3,'Y');
Insert into MARKETFULLY.USER_MENU_EXPLAIN (UMB_NUM,UME_ORIGIN,UME_RENAME,UME_SEQ,UME_STATUS) values (20,'4.jpg','20200430203817SEQ4.jpg',4,'Y');
Insert into MARKETFULLY.USER_MENU_EXPLAIN (UMB_NUM,UME_ORIGIN,UME_RENAME,UME_SEQ,UME_STATUS) values (20,'5.jpg','20200430203817SEQ5.jpg',5,'Y');
Insert into MARKETFULLY.USER_MENU_EXPLAIN (UMB_NUM,UME_ORIGIN,UME_RENAME,UME_SEQ,UME_STATUS) values (20,'6.jpg','20200430203817SEQ6.jpg',6,'Y');
Insert into MARKETFULLY.USER_MENU_EXPLAIN (UMB_NUM,UME_ORIGIN,UME_RENAME,UME_SEQ,UME_STATUS) values (21,'1.jpg','20200430203855SEQ1.jpg',1,'Y');
Insert into MARKETFULLY.USER_MENU_EXPLAIN (UMB_NUM,UME_ORIGIN,UME_RENAME,UME_SEQ,UME_STATUS) values (17,'1.PNG','20200430202040SEQ1.PNG',1,'Y');
Insert into MARKETFULLY.USER_MENU_EXPLAIN (UMB_NUM,UME_ORIGIN,UME_RENAME,UME_SEQ,UME_STATUS) values (17,'2.PNG','20200430202040SEQ2.PNG',2,'Y');
Insert into MARKETFULLY.USER_MENU_EXPLAIN (UMB_NUM,UME_ORIGIN,UME_RENAME,UME_SEQ,UME_STATUS) values (21,'2.jpg','20200430203855SEQ2.jpg',2,'Y');
Insert into MARKETFULLY.USER_MENU_EXPLAIN (UMB_NUM,UME_ORIGIN,UME_RENAME,UME_SEQ,UME_STATUS) values (21,'3.jpg','20200430203855SEQ3.jpg',3,'Y');
Insert into MARKETFULLY.USER_MENU_EXPLAIN (UMB_NUM,UME_ORIGIN,UME_RENAME,UME_SEQ,UME_STATUS) values (21,'4.jpg','20200430203855SEQ4.jpg',4,'Y');
Insert into MARKETFULLY.USER_MENU_EXPLAIN (UMB_NUM,UME_ORIGIN,UME_RENAME,UME_SEQ,UME_STATUS) values (21,'5.jpg','20200430203855SEQ5.jpg',5,'Y');
Insert into MARKETFULLY.USER_MENU_EXPLAIN (UMB_NUM,UME_ORIGIN,UME_RENAME,UME_SEQ,UME_STATUS) values (22,'1.PNG','20200430204236SEQ1.PNG',1,'Y');
Insert into MARKETFULLY.USER_MENU_EXPLAIN (UMB_NUM,UME_ORIGIN,UME_RENAME,UME_SEQ,UME_STATUS) values (22,'2.PNG','20200430204236SEQ2.PNG',2,'Y');
Insert into MARKETFULLY.USER_MENU_EXPLAIN (UMB_NUM,UME_ORIGIN,UME_RENAME,UME_SEQ,UME_STATUS) values (22,'3.PNG','20200430204236SEQ3.PNG',3,'Y');
Insert into MARKETFULLY.USER_MENU_EXPLAIN (UMB_NUM,UME_ORIGIN,UME_RENAME,UME_SEQ,UME_STATUS) values (22,'4.PNG','20200430204236SEQ4.PNG',4,'Y');
Insert into MARKETFULLY.USER_MENU_EXPLAIN (UMB_NUM,UME_ORIGIN,UME_RENAME,UME_SEQ,UME_STATUS) values (22,'5''.PNG','20200430204236SEQ5.PNG',5,'Y');
Insert into MARKETFULLY.USER_MENU_EXPLAIN (UMB_NUM,UME_ORIGIN,UME_RENAME,UME_SEQ,UME_STATUS) values (22,'6.PNG','20200430204236SEQ6.PNG',6,'Y');
Insert into MARKETFULLY.USER_MENU_EXPLAIN (UMB_NUM,UME_ORIGIN,UME_RENAME,UME_SEQ,UME_STATUS) values (22,'7.PNG','20200430204236SEQ7.PNG',7,'Y');
Insert into MARKETFULLY.USER_MENU_EXPLAIN (UMB_NUM,UME_ORIGIN,UME_RENAME,UME_SEQ,UME_STATUS) values (23,'1.PNG','20200430204620SEQ1.PNG',1,'Y');
Insert into MARKETFULLY.USER_MENU_EXPLAIN (UMB_NUM,UME_ORIGIN,UME_RENAME,UME_SEQ,UME_STATUS) values (23,'2.PNG','20200430204620SEQ2.PNG',2,'Y');
Insert into MARKETFULLY.USER_MENU_EXPLAIN (UMB_NUM,UME_ORIGIN,UME_RENAME,UME_SEQ,UME_STATUS) values (23,'3.PNG','20200430204620SEQ3.PNG',3,'Y');
Insert into MARKETFULLY.USER_MENU_EXPLAIN (UMB_NUM,UME_ORIGIN,UME_RENAME,UME_SEQ,UME_STATUS) values (23,'4.PNG','20200430204620SEQ4.PNG',4,'Y');
Insert into MARKETFULLY.USER_MENU_EXPLAIN (UMB_NUM,UME_ORIGIN,UME_RENAME,UME_SEQ,UME_STATUS) values (23,'5.PNG','20200430204620SEQ5.PNG',5,'Y');
Insert into MARKETFULLY.USER_MENU_EXPLAIN (UMB_NUM,UME_ORIGIN,UME_RENAME,UME_SEQ,UME_STATUS) values (23,'6.PNG','20200430204620SEQ6.PNG',6,'Y');
Insert into MARKETFULLY.USER_MENU_EXPLAIN (UMB_NUM,UME_ORIGIN,UME_RENAME,UME_SEQ,UME_STATUS) values (24,'1.PNG','20200430204725SEQ1.PNG',1,'Y');
Insert into MARKETFULLY.USER_MENU_EXPLAIN (UMB_NUM,UME_ORIGIN,UME_RENAME,UME_SEQ,UME_STATUS) values (24,'2.PNG','20200430204725SEQ2.PNG',2,'Y');
Insert into MARKETFULLY.USER_MENU_EXPLAIN (UMB_NUM,UME_ORIGIN,UME_RENAME,UME_SEQ,UME_STATUS) values (24,'3.PNG','20200430204725SEQ3.PNG',3,'Y');
Insert into MARKETFULLY.USER_MENU_EXPLAIN (UMB_NUM,UME_ORIGIN,UME_RENAME,UME_SEQ,UME_STATUS) values (24,'4.PNG','20200430204725SEQ4.PNG',4,'Y');
Insert into MARKETFULLY.USER_MENU_EXPLAIN (UMB_NUM,UME_ORIGIN,UME_RENAME,UME_SEQ,UME_STATUS) values (24,'5.PNG','20200430204725SEQ5.PNG',5,'Y');
Insert into MARKETFULLY.USER_MENU_EXPLAIN (UMB_NUM,UME_ORIGIN,UME_RENAME,UME_SEQ,UME_STATUS) values (24,'6.PNG','20200430204725SEQ6.PNG',6,'Y');
Insert into MARKETFULLY.USER_MENU_EXPLAIN (UMB_NUM,UME_ORIGIN,UME_RENAME,UME_SEQ,UME_STATUS) values (24,'7.PNG','20200430204725SEQ7.PNG',7,'Y');
Insert into MARKETFULLY.USER_MENU_EXPLAIN (UMB_NUM,UME_ORIGIN,UME_RENAME,UME_SEQ,UME_STATUS) values (25,'1.png','20200430211004SEQ1.png',1,'Y');
Insert into MARKETFULLY.USER_MENU_EXPLAIN (UMB_NUM,UME_ORIGIN,UME_RENAME,UME_SEQ,UME_STATUS) values (25,'2.png','20200430211004SEQ2.png',2,'Y');
Insert into MARKETFULLY.USER_MENU_EXPLAIN (UMB_NUM,UME_ORIGIN,UME_RENAME,UME_SEQ,UME_STATUS) values (25,'3.png','20200430211004SEQ3.png',3,'Y');
Insert into MARKETFULLY.USER_MENU_EXPLAIN (UMB_NUM,UME_ORIGIN,UME_RENAME,UME_SEQ,UME_STATUS) values (25,'4.png','20200430211004SEQ4.png',4,'Y');
Insert into MARKETFULLY.USER_MENU_EXPLAIN (UMB_NUM,UME_ORIGIN,UME_RENAME,UME_SEQ,UME_STATUS) values (25,'5.png','20200430211004SEQ5.png',5,'Y');
Insert into MARKETFULLY.USER_MENU_EXPLAIN (UMB_NUM,UME_ORIGIN,UME_RENAME,UME_SEQ,UME_STATUS) values (26,'11.JPG','20200430211028SEQ1.JPG',1,'Y');
Insert into MARKETFULLY.USER_MENU_EXPLAIN (UMB_NUM,UME_ORIGIN,UME_RENAME,UME_SEQ,UME_STATUS) values (26,'22.JPG','20200430211028SEQ2.JPG',2,'Y');
Insert into MARKETFULLY.USER_MENU_EXPLAIN (UMB_NUM,UME_ORIGIN,UME_RENAME,UME_SEQ,UME_STATUS) values (26,'33.JPG','20200430211028SEQ3.JPG',3,'Y');
Insert into MARKETFULLY.USER_MENU_EXPLAIN (UMB_NUM,UME_ORIGIN,UME_RENAME,UME_SEQ,UME_STATUS) values (26,'44.JPG','20200430211028SEQ4.JPG',4,'Y');
Insert into MARKETFULLY.USER_MENU_EXPLAIN (UMB_NUM,UME_ORIGIN,UME_RENAME,UME_SEQ,UME_STATUS) values (26,'55.JPG','20200430211028SEQ5.JPG',5,'Y');
Insert into MARKETFULLY.USER_MENU_EXPLAIN (UMB_NUM,UME_ORIGIN,UME_RENAME,UME_SEQ,UME_STATUS) values (27,'1.PNG','20200430211043SEQ1.PNG',1,'Y');
Insert into MARKETFULLY.USER_MENU_EXPLAIN (UMB_NUM,UME_ORIGIN,UME_RENAME,UME_SEQ,UME_STATUS) values (27,'2.PNG','20200430211043SEQ2.PNG',2,'Y');
Insert into MARKETFULLY.USER_MENU_EXPLAIN (UMB_NUM,UME_ORIGIN,UME_RENAME,UME_SEQ,UME_STATUS) values (27,'3.PNG','20200430211043SEQ3.PNG',3,'Y');
Insert into MARKETFULLY.USER_MENU_EXPLAIN (UMB_NUM,UME_ORIGIN,UME_RENAME,UME_SEQ,UME_STATUS) values (27,'4.PNG','20200430211043SEQ4.PNG',4,'Y');
Insert into MARKETFULLY.USER_MENU_EXPLAIN (UMB_NUM,UME_ORIGIN,UME_RENAME,UME_SEQ,UME_STATUS) values (28,'1.PNG','20200430211354SEQ1.PNG',1,'Y');
Insert into MARKETFULLY.USER_MENU_EXPLAIN (UMB_NUM,UME_ORIGIN,UME_RENAME,UME_SEQ,UME_STATUS) values (28,'2.PNG','20200430211354SEQ2.PNG',2,'Y');
Insert into MARKETFULLY.USER_MENU_EXPLAIN (UMB_NUM,UME_ORIGIN,UME_RENAME,UME_SEQ,UME_STATUS) values (28,'3.PNG','20200430211354SEQ3.PNG',3,'Y');
Insert into MARKETFULLY.USER_MENU_EXPLAIN (UMB_NUM,UME_ORIGIN,UME_RENAME,UME_SEQ,UME_STATUS) values (28,'4.PNG','20200430211354SEQ4.PNG',4,'Y');
Insert into MARKETFULLY.USER_MENU_EXPLAIN (UMB_NUM,UME_ORIGIN,UME_RENAME,UME_SEQ,UME_STATUS) values (29,'1.jpg','20200430211433SEQ1.jpg',1,'Y');
Insert into MARKETFULLY.USER_MENU_EXPLAIN (UMB_NUM,UME_ORIGIN,UME_RENAME,UME_SEQ,UME_STATUS) values (29,'2.jpg','20200430211433SEQ2.jpg',2,'Y');
Insert into MARKETFULLY.USER_MENU_EXPLAIN (UMB_NUM,UME_ORIGIN,UME_RENAME,UME_SEQ,UME_STATUS) values (29,'3.jpg','20200430211433SEQ3.jpg',3,'Y');
Insert into MARKETFULLY.USER_MENU_EXPLAIN (UMB_NUM,UME_ORIGIN,UME_RENAME,UME_SEQ,UME_STATUS) values (29,'4.jpg','20200430211433SEQ4.jpg',4,'Y');
Insert into MARKETFULLY.USER_MENU_EXPLAIN (UMB_NUM,UME_ORIGIN,UME_RENAME,UME_SEQ,UME_STATUS) values (29,'5.gif','20200430211433SEQ5.gif',5,'Y');
Insert into MARKETFULLY.USER_MENU_EXPLAIN (UMB_NUM,UME_ORIGIN,UME_RENAME,UME_SEQ,UME_STATUS) values (29,'6.jpg','20200430211433SEQ6.jpg',6,'Y');
Insert into MARKETFULLY.USER_MENU_EXPLAIN (UMB_NUM,UME_ORIGIN,UME_RENAME,UME_SEQ,UME_STATUS) values (29,'7.jpg','20200430211433SEQ7.jpg',7,'Y');
Insert into MARKETFULLY.USER_MENU_EXPLAIN (UMB_NUM,UME_ORIGIN,UME_RENAME,UME_SEQ,UME_STATUS) values (29,'8.gif','20200430211433SEQ8.gif',8,'Y');
Insert into MARKETFULLY.USER_MENU_EXPLAIN (UMB_NUM,UME_ORIGIN,UME_RENAME,UME_SEQ,UME_STATUS) values (30,'11.JPG','20200430211623SEQ1.JPG',1,'Y');
Insert into MARKETFULLY.USER_MENU_EXPLAIN (UMB_NUM,UME_ORIGIN,UME_RENAME,UME_SEQ,UME_STATUS) values (30,'22.JPG','20200430211623SEQ2.JPG',2,'Y');
Insert into MARKETFULLY.USER_MENU_EXPLAIN (UMB_NUM,UME_ORIGIN,UME_RENAME,UME_SEQ,UME_STATUS) values (30,'33.JPG','20200430211623SEQ3.JPG',3,'Y');
Insert into MARKETFULLY.USER_MENU_EXPLAIN (UMB_NUM,UME_ORIGIN,UME_RENAME,UME_SEQ,UME_STATUS) values (30,'44.JPG','20200430211623SEQ4.JPG',4,'Y');
Insert into MARKETFULLY.USER_MENU_EXPLAIN (UMB_NUM,UME_ORIGIN,UME_RENAME,UME_SEQ,UME_STATUS) values (30,'55.JPG','20200430211623SEQ5.JPG',5,'Y');
Insert into MARKETFULLY.USER_MENU_EXPLAIN (UMB_NUM,UME_ORIGIN,UME_RENAME,UME_SEQ,UME_STATUS) values (31,'11.JPG','20200430212035SEQ1.JPG',1,'Y');
Insert into MARKETFULLY.USER_MENU_EXPLAIN (UMB_NUM,UME_ORIGIN,UME_RENAME,UME_SEQ,UME_STATUS) values (31,'22.JPG','20200430212035SEQ2.JPG',2,'Y');
Insert into MARKETFULLY.USER_MENU_EXPLAIN (UMB_NUM,UME_ORIGIN,UME_RENAME,UME_SEQ,UME_STATUS) values (31,'33.JPG','20200430212035SEQ3.JPG',3,'Y');
Insert into MARKETFULLY.USER_MENU_EXPLAIN (UMB_NUM,UME_ORIGIN,UME_RENAME,UME_SEQ,UME_STATUS) values (31,'44.JPG','20200430212035SEQ4.JPG',4,'Y');
Insert into MARKETFULLY.USER_MENU_EXPLAIN (UMB_NUM,UME_ORIGIN,UME_RENAME,UME_SEQ,UME_STATUS) values (32,'1.png','20200430212208SEQ1.png',1,'Y');
Insert into MARKETFULLY.USER_MENU_EXPLAIN (UMB_NUM,UME_ORIGIN,UME_RENAME,UME_SEQ,UME_STATUS) values (32,'2.png','20200430212208SEQ2.png',2,'Y');
Insert into MARKETFULLY.USER_MENU_EXPLAIN (UMB_NUM,UME_ORIGIN,UME_RENAME,UME_SEQ,UME_STATUS) values (32,'3.png','20200430212208SEQ3.png',3,'Y');
Insert into MARKETFULLY.USER_MENU_EXPLAIN (UMB_NUM,UME_ORIGIN,UME_RENAME,UME_SEQ,UME_STATUS) values (32,'4.png','20200430212208SEQ4.png',4,'Y');
Insert into MARKETFULLY.USER_MENU_EXPLAIN (UMB_NUM,UME_ORIGIN,UME_RENAME,UME_SEQ,UME_STATUS) values (33,'11.JPG','20200430212924SEQ1.JPG',1,'Y');
Insert into MARKETFULLY.USER_MENU_EXPLAIN (UMB_NUM,UME_ORIGIN,UME_RENAME,UME_SEQ,UME_STATUS) values (33,'22.JPG','20200430212924SEQ2.JPG',2,'Y');
Insert into MARKETFULLY.USER_MENU_EXPLAIN (UMB_NUM,UME_ORIGIN,UME_RENAME,UME_SEQ,UME_STATUS) values (33,'33.JPG','20200430212924SEQ3.JPG',3,'Y');
Insert into MARKETFULLY.USER_MENU_EXPLAIN (UMB_NUM,UME_ORIGIN,UME_RENAME,UME_SEQ,UME_STATUS) values (33,'44.JPG','20200430212924SEQ4.JPG',4,'Y');
Insert into MARKETFULLY.USER_MENU_EXPLAIN (UMB_NUM,UME_ORIGIN,UME_RENAME,UME_SEQ,UME_STATUS) values (33,'55.JPG','20200430212924SEQ5.JPG',5,'Y');
Insert into MARKETFULLY.USER_MENU_EXPLAIN (UMB_NUM,UME_ORIGIN,UME_RENAME,UME_SEQ,UME_STATUS) values (33,'66.JPG','20200430212924SEQ6.JPG',6,'Y');
Insert into MARKETFULLY.USER_MENU_EXPLAIN (UMB_NUM,UME_ORIGIN,UME_RENAME,UME_SEQ,UME_STATUS) values (33,'77.JPG','20200430212924SEQ7.JPG',7,'Y');
Insert into MARKETFULLY.USER_MENU_EXPLAIN (UMB_NUM,UME_ORIGIN,UME_RENAME,UME_SEQ,UME_STATUS) values (34,'11.JPG','20200430213455SEQ1.JPG',1,'Y');
Insert into MARKETFULLY.USER_MENU_EXPLAIN (UMB_NUM,UME_ORIGIN,UME_RENAME,UME_SEQ,UME_STATUS) values (34,'22.JPG','20200430213455SEQ2.JPG',2,'Y');
Insert into MARKETFULLY.USER_MENU_EXPLAIN (UMB_NUM,UME_ORIGIN,UME_RENAME,UME_SEQ,UME_STATUS) values (34,'33.JPG','20200430213455SEQ3.JPG',3,'Y');
Insert into MARKETFULLY.USER_MENU_EXPLAIN (UMB_NUM,UME_ORIGIN,UME_RENAME,UME_SEQ,UME_STATUS) values (35,'1.jpg','20200430213735SEQ1.jpg',1,'Y');
Insert into MARKETFULLY.USER_MENU_EXPLAIN (UMB_NUM,UME_ORIGIN,UME_RENAME,UME_SEQ,UME_STATUS) values (35,'2.jpg','20200430213735SEQ2.jpg',2,'Y');
Insert into MARKETFULLY.USER_MENU_EXPLAIN (UMB_NUM,UME_ORIGIN,UME_RENAME,UME_SEQ,UME_STATUS) values (35,'3.jpg','20200430213735SEQ3.jpg',3,'Y');
Insert into MARKETFULLY.USER_MENU_EXPLAIN (UMB_NUM,UME_ORIGIN,UME_RENAME,UME_SEQ,UME_STATUS) values (35,'4.jpg','20200430213735SEQ4.jpg',4,'Y');
Insert into MARKETFULLY.USER_MENU_EXPLAIN (UMB_NUM,UME_ORIGIN,UME_RENAME,UME_SEQ,UME_STATUS) values (35,'5.jpg','20200430213735SEQ5.jpg',5,'Y');
Insert into MARKETFULLY.USER_MENU_EXPLAIN (UMB_NUM,UME_ORIGIN,UME_RENAME,UME_SEQ,UME_STATUS) values (35,'6.jpg','20200430213735SEQ6.jpg',6,'Y');
Insert into MARKETFULLY.USER_MENU_EXPLAIN (UMB_NUM,UME_ORIGIN,UME_RENAME,UME_SEQ,UME_STATUS) values (36,'11.JPG','20200430214050SEQ1.JPG',1,'Y');
Insert into MARKETFULLY.USER_MENU_EXPLAIN (UMB_NUM,UME_ORIGIN,UME_RENAME,UME_SEQ,UME_STATUS) values (36,'22.JPG','20200430214050SEQ2.JPG',2,'Y');
Insert into MARKETFULLY.USER_MENU_EXPLAIN (UMB_NUM,UME_ORIGIN,UME_RENAME,UME_SEQ,UME_STATUS) values (36,'33.JPG','20200430214050SEQ3.JPG',3,'Y');
Insert into MARKETFULLY.USER_MENU_EXPLAIN (UMB_NUM,UME_ORIGIN,UME_RENAME,UME_SEQ,UME_STATUS) values (36,'44.JPG','20200430214050SEQ4.JPG',4,'Y');
Insert into MARKETFULLY.USER_MENU_EXPLAIN (UMB_NUM,UME_ORIGIN,UME_RENAME,UME_SEQ,UME_STATUS) values (37,'1.jpg','20200430214118SEQ1.jpg',1,'Y');
Insert into MARKETFULLY.USER_MENU_EXPLAIN (UMB_NUM,UME_ORIGIN,UME_RENAME,UME_SEQ,UME_STATUS) values (37,'2.jpg','20200430214118SEQ2.jpg',2,'Y');
Insert into MARKETFULLY.USER_MENU_EXPLAIN (UMB_NUM,UME_ORIGIN,UME_RENAME,UME_SEQ,UME_STATUS) values (37,'3.jpg','20200430214118SEQ3.jpg',3,'Y');
Insert into MARKETFULLY.USER_MENU_EXPLAIN (UMB_NUM,UME_ORIGIN,UME_RENAME,UME_SEQ,UME_STATUS) values (37,'4.jpg','20200430214118SEQ4.jpg',4,'Y');
Insert into MARKETFULLY.USER_MENU_EXPLAIN (UMB_NUM,UME_ORIGIN,UME_RENAME,UME_SEQ,UME_STATUS) values (37,'5.jpg','20200430214118SEQ5.jpg',5,'Y');
Insert into MARKETFULLY.USER_MENU_EXPLAIN (UMB_NUM,UME_ORIGIN,UME_RENAME,UME_SEQ,UME_STATUS) values (37,'6.jpg','20200430214118SEQ6.jpg',6,'Y');
Insert into MARKETFULLY.USER_MENU_EXPLAIN (UMB_NUM,UME_ORIGIN,UME_RENAME,UME_SEQ,UME_STATUS) values (37,'7.jpg','20200430214118SEQ7.jpg',7,'Y');
Insert into MARKETFULLY.USER_MENU_EXPLAIN (UMB_NUM,UME_ORIGIN,UME_RENAME,UME_SEQ,UME_STATUS) values (38,'1.jpg','20200430214640SEQ1.jpg',1,'Y');
Insert into MARKETFULLY.USER_MENU_EXPLAIN (UMB_NUM,UME_ORIGIN,UME_RENAME,UME_SEQ,UME_STATUS) values (38,'2.jpg','20200430214640SEQ2.jpg',2,'Y');
Insert into MARKETFULLY.USER_MENU_EXPLAIN (UMB_NUM,UME_ORIGIN,UME_RENAME,UME_SEQ,UME_STATUS) values (38,'3.jpg','20200430214640SEQ3.jpg',3,'Y');
Insert into MARKETFULLY.USER_MENU_EXPLAIN (UMB_NUM,UME_ORIGIN,UME_RENAME,UME_SEQ,UME_STATUS) values (38,'4.jpg','20200430214640SEQ4.jpg',4,'Y');
Insert into MARKETFULLY.USER_MENU_EXPLAIN (UMB_NUM,UME_ORIGIN,UME_RENAME,UME_SEQ,UME_STATUS) values (38,'5.jpg','20200430214640SEQ5.jpg',5,'Y');
Insert into MARKETFULLY.USER_MENU_EXPLAIN (UMB_NUM,UME_ORIGIN,UME_RENAME,UME_SEQ,UME_STATUS) values (38,'6.jpg','20200430214640SEQ6.jpg',6,'Y');
Insert into MARKETFULLY.USER_MENU_EXPLAIN (UMB_NUM,UME_ORIGIN,UME_RENAME,UME_SEQ,UME_STATUS) values (38,'7.jpg','20200430214640SEQ7.jpg',7,'Y');
Insert into MARKETFULLY.USER_MENU_EXPLAIN (UMB_NUM,UME_ORIGIN,UME_RENAME,UME_SEQ,UME_STATUS) values (38,'8.jpg','20200430214640SEQ8.jpg',8,'Y');
Insert into MARKETFULLY.USER_MENU_EXPLAIN (UMB_NUM,UME_ORIGIN,UME_RENAME,UME_SEQ,UME_STATUS) values (39,'1.jpg','20200430215033SEQ1.jpg',1,'Y');
Insert into MARKETFULLY.USER_MENU_EXPLAIN (UMB_NUM,UME_ORIGIN,UME_RENAME,UME_SEQ,UME_STATUS) values (39,'2.jpg','20200430215033SEQ2.jpg',2,'Y');
Insert into MARKETFULLY.USER_MENU_EXPLAIN (UMB_NUM,UME_ORIGIN,UME_RENAME,UME_SEQ,UME_STATUS) values (39,'3.jpg','20200430215033SEQ3.jpg',3,'Y');
Insert into MARKETFULLY.USER_MENU_EXPLAIN (UMB_NUM,UME_ORIGIN,UME_RENAME,UME_SEQ,UME_STATUS) values (39,'4.jpg','20200430215033SEQ4.jpg',4,'Y');
Insert into MARKETFULLY.USER_MENU_EXPLAIN (UMB_NUM,UME_ORIGIN,UME_RENAME,UME_SEQ,UME_STATUS) values (39,'5.jpg','20200430215033SEQ5.jpg',5,'Y');
Insert into MARKETFULLY.USER_MENU_EXPLAIN (UMB_NUM,UME_ORIGIN,UME_RENAME,UME_SEQ,UME_STATUS) values (39,'6.jpg','20200430215033SEQ6.jpg',6,'Y');
Insert into MARKETFULLY.USER_MENU_EXPLAIN (UMB_NUM,UME_ORIGIN,UME_RENAME,UME_SEQ,UME_STATUS) values (39,'7.jpg','20200430215033SEQ7.jpg',7,'Y');
Insert into MARKETFULLY.USER_MENU_EXPLAIN (UMB_NUM,UME_ORIGIN,UME_RENAME,UME_SEQ,UME_STATUS) values (40,'1.jpg','20200501121520SEQ1.jpg',1,'Y');
Insert into MARKETFULLY.USER_MENU_EXPLAIN (UMB_NUM,UME_ORIGIN,UME_RENAME,UME_SEQ,UME_STATUS) values (40,'2.jpg','20200501121520SEQ2.jpg',2,'Y');
Insert into MARKETFULLY.USER_MENU_EXPLAIN (UMB_NUM,UME_ORIGIN,UME_RENAME,UME_SEQ,UME_STATUS) values (40,'3.jpg','20200501121520SEQ3.jpg',3,'Y');
Insert into MARKETFULLY.USER_MENU_EXPLAIN (UMB_NUM,UME_ORIGIN,UME_RENAME,UME_SEQ,UME_STATUS) values (40,'4.jpg','20200501121520SEQ4.jpg',4,'Y');
Insert into MARKETFULLY.USER_MENU_EXPLAIN (UMB_NUM,UME_ORIGIN,UME_RENAME,UME_SEQ,UME_STATUS) values (40,'5.jpg','20200501121520SEQ5.jpg',5,'Y');
REM INSERTING into MARKETFULLY.USER_MENU_PRODUCT
SET DEFINE OFF;
Insert into MARKETFULLY.USER_MENU_PRODUCT (UMB_NUM,PR_CODE,PR_EACH) values (17,126,1);
Insert into MARKETFULLY.USER_MENU_PRODUCT (UMB_NUM,PR_CODE,PR_EACH) values (17,144,1);
Insert into MARKETFULLY.USER_MENU_PRODUCT (UMB_NUM,PR_CODE,PR_EACH) values (18,104,1);
Insert into MARKETFULLY.USER_MENU_PRODUCT (UMB_NUM,PR_CODE,PR_EACH) values (18,79,1);
Insert into MARKETFULLY.USER_MENU_PRODUCT (UMB_NUM,PR_CODE,PR_EACH) values (18,138,1);
Insert into MARKETFULLY.USER_MENU_PRODUCT (UMB_NUM,PR_CODE,PR_EACH) values (18,133,1);
Insert into MARKETFULLY.USER_MENU_PRODUCT (UMB_NUM,PR_CODE,PR_EACH) values (18,124,1);
Insert into MARKETFULLY.USER_MENU_PRODUCT (UMB_NUM,PR_CODE,PR_EACH) values (19,145,1);
Insert into MARKETFULLY.USER_MENU_PRODUCT (UMB_NUM,PR_CODE,PR_EACH) values (19,138,1);
Insert into MARKETFULLY.USER_MENU_PRODUCT (UMB_NUM,PR_CODE,PR_EACH) values (19,116,1);
Insert into MARKETFULLY.USER_MENU_PRODUCT (UMB_NUM,PR_CODE,PR_EACH) values (19,126,1);
Insert into MARKETFULLY.USER_MENU_PRODUCT (UMB_NUM,PR_CODE,PR_EACH) values (19,127,1);
Insert into MARKETFULLY.USER_MENU_PRODUCT (UMB_NUM,PR_CODE,PR_EACH) values (19,150,1);
Insert into MARKETFULLY.USER_MENU_PRODUCT (UMB_NUM,PR_CODE,PR_EACH) values (20,94,1);
Insert into MARKETFULLY.USER_MENU_PRODUCT (UMB_NUM,PR_CODE,PR_EACH) values (20,79,1);
Insert into MARKETFULLY.USER_MENU_PRODUCT (UMB_NUM,PR_CODE,PR_EACH) values (20,138,1);
Insert into MARKETFULLY.USER_MENU_PRODUCT (UMB_NUM,PR_CODE,PR_EACH) values (20,82,1);
Insert into MARKETFULLY.USER_MENU_PRODUCT (UMB_NUM,PR_CODE,PR_EACH) values (20,107,1);
Insert into MARKETFULLY.USER_MENU_PRODUCT (UMB_NUM,PR_CODE,PR_EACH) values (17,99,1);
Insert into MARKETFULLY.USER_MENU_PRODUCT (UMB_NUM,PR_CODE,PR_EACH) values (17,78,1);
Insert into MARKETFULLY.USER_MENU_PRODUCT (UMB_NUM,PR_CODE,PR_EACH) values (21,79,1);
Insert into MARKETFULLY.USER_MENU_PRODUCT (UMB_NUM,PR_CODE,PR_EACH) values (21,80,1);
Insert into MARKETFULLY.USER_MENU_PRODUCT (UMB_NUM,PR_CODE,PR_EACH) values (21,82,1);
Insert into MARKETFULLY.USER_MENU_PRODUCT (UMB_NUM,PR_CODE,PR_EACH) values (21,82,1);
Insert into MARKETFULLY.USER_MENU_PRODUCT (UMB_NUM,PR_CODE,PR_EACH) values (22,105,1);
Insert into MARKETFULLY.USER_MENU_PRODUCT (UMB_NUM,PR_CODE,PR_EACH) values (22,102,1);
Insert into MARKETFULLY.USER_MENU_PRODUCT (UMB_NUM,PR_CODE,PR_EACH) values (22,106,1);
Insert into MARKETFULLY.USER_MENU_PRODUCT (UMB_NUM,PR_CODE,PR_EACH) values (22,94,1);
Insert into MARKETFULLY.USER_MENU_PRODUCT (UMB_NUM,PR_CODE,PR_EACH) values (22,98,1);
Insert into MARKETFULLY.USER_MENU_PRODUCT (UMB_NUM,PR_CODE,PR_EACH) values (23,155,1);
Insert into MARKETFULLY.USER_MENU_PRODUCT (UMB_NUM,PR_CODE,PR_EACH) values (23,156,2);
Insert into MARKETFULLY.USER_MENU_PRODUCT (UMB_NUM,PR_CODE,PR_EACH) values (23,157,3);
Insert into MARKETFULLY.USER_MENU_PRODUCT (UMB_NUM,PR_CODE,PR_EACH) values (23,158,4);
Insert into MARKETFULLY.USER_MENU_PRODUCT (UMB_NUM,PR_CODE,PR_EACH) values (24,101,1);
Insert into MARKETFULLY.USER_MENU_PRODUCT (UMB_NUM,PR_CODE,PR_EACH) values (24,144,1);
Insert into MARKETFULLY.USER_MENU_PRODUCT (UMB_NUM,PR_CODE,PR_EACH) values (24,143,1);
Insert into MARKETFULLY.USER_MENU_PRODUCT (UMB_NUM,PR_CODE,PR_EACH) values (24,80,1);
Insert into MARKETFULLY.USER_MENU_PRODUCT (UMB_NUM,PR_CODE,PR_EACH) values (25,100,1);
Insert into MARKETFULLY.USER_MENU_PRODUCT (UMB_NUM,PR_CODE,PR_EACH) values (25,95,1);
Insert into MARKETFULLY.USER_MENU_PRODUCT (UMB_NUM,PR_CODE,PR_EACH) values (25,164,1);
Insert into MARKETFULLY.USER_MENU_PRODUCT (UMB_NUM,PR_CODE,PR_EACH) values (25,100,1);
Insert into MARKETFULLY.USER_MENU_PRODUCT (UMB_NUM,PR_CODE,PR_EACH) values (26,81,1);
Insert into MARKETFULLY.USER_MENU_PRODUCT (UMB_NUM,PR_CODE,PR_EACH) values (26,130,2);
Insert into MARKETFULLY.USER_MENU_PRODUCT (UMB_NUM,PR_CODE,PR_EACH) values (26,148,4);
Insert into MARKETFULLY.USER_MENU_PRODUCT (UMB_NUM,PR_CODE,PR_EACH) values (26,105,3);
Insert into MARKETFULLY.USER_MENU_PRODUCT (UMB_NUM,PR_CODE,PR_EACH) values (27,110,1);
Insert into MARKETFULLY.USER_MENU_PRODUCT (UMB_NUM,PR_CODE,PR_EACH) values (27,118,1);
Insert into MARKETFULLY.USER_MENU_PRODUCT (UMB_NUM,PR_CODE,PR_EACH) values (27,163,2);
Insert into MARKETFULLY.USER_MENU_PRODUCT (UMB_NUM,PR_CODE,PR_EACH) values (27,124,1);
Insert into MARKETFULLY.USER_MENU_PRODUCT (UMB_NUM,PR_CODE,PR_EACH) values (28,108,1);
Insert into MARKETFULLY.USER_MENU_PRODUCT (UMB_NUM,PR_CODE,PR_EACH) values (28,127,1);
Insert into MARKETFULLY.USER_MENU_PRODUCT (UMB_NUM,PR_CODE,PR_EACH) values (28,118,1);
Insert into MARKETFULLY.USER_MENU_PRODUCT (UMB_NUM,PR_CODE,PR_EACH) values (29,106,1);
Insert into MARKETFULLY.USER_MENU_PRODUCT (UMB_NUM,PR_CODE,PR_EACH) values (29,103,1);
Insert into MARKETFULLY.USER_MENU_PRODUCT (UMB_NUM,PR_CODE,PR_EACH) values (29,156,1);
Insert into MARKETFULLY.USER_MENU_PRODUCT (UMB_NUM,PR_CODE,PR_EACH) values (29,172,1);
Insert into MARKETFULLY.USER_MENU_PRODUCT (UMB_NUM,PR_CODE,PR_EACH) values (30,101,1);
Insert into MARKETFULLY.USER_MENU_PRODUCT (UMB_NUM,PR_CODE,PR_EACH) values (30,102,2);
Insert into MARKETFULLY.USER_MENU_PRODUCT (UMB_NUM,PR_CODE,PR_EACH) values (30,110,3);
Insert into MARKETFULLY.USER_MENU_PRODUCT (UMB_NUM,PR_CODE,PR_EACH) values (30,89,4);
Insert into MARKETFULLY.USER_MENU_PRODUCT (UMB_NUM,PR_CODE,PR_EACH) values (31,101,1);
Insert into MARKETFULLY.USER_MENU_PRODUCT (UMB_NUM,PR_CODE,PR_EACH) values (31,136,2);
Insert into MARKETFULLY.USER_MENU_PRODUCT (UMB_NUM,PR_CODE,PR_EACH) values (31,81,3);
Insert into MARKETFULLY.USER_MENU_PRODUCT (UMB_NUM,PR_CODE,PR_EACH) values (31,143,1);
Insert into MARKETFULLY.USER_MENU_PRODUCT (UMB_NUM,PR_CODE,PR_EACH) values (31,175,1);
Insert into MARKETFULLY.USER_MENU_PRODUCT (UMB_NUM,PR_CODE,PR_EACH) values (32,90,1);
Insert into MARKETFULLY.USER_MENU_PRODUCT (UMB_NUM,PR_CODE,PR_EACH) values (32,177,1);
Insert into MARKETFULLY.USER_MENU_PRODUCT (UMB_NUM,PR_CODE,PR_EACH) values (32,169,1);
Insert into MARKETFULLY.USER_MENU_PRODUCT (UMB_NUM,PR_CODE,PR_EACH) values (33,179,1);
Insert into MARKETFULLY.USER_MENU_PRODUCT (UMB_NUM,PR_CODE,PR_EACH) values (33,102,1);
Insert into MARKETFULLY.USER_MENU_PRODUCT (UMB_NUM,PR_CODE,PR_EACH) values (33,79,1);
Insert into MARKETFULLY.USER_MENU_PRODUCT (UMB_NUM,PR_CODE,PR_EACH) values (33,155,1);
Insert into MARKETFULLY.USER_MENU_PRODUCT (UMB_NUM,PR_CODE,PR_EACH) values (33,176,1);
Insert into MARKETFULLY.USER_MENU_PRODUCT (UMB_NUM,PR_CODE,PR_EACH) values (34,122,1);
Insert into MARKETFULLY.USER_MENU_PRODUCT (UMB_NUM,PR_CODE,PR_EACH) values (34,145,2);
Insert into MARKETFULLY.USER_MENU_PRODUCT (UMB_NUM,PR_CODE,PR_EACH) values (34,100,3);
Insert into MARKETFULLY.USER_MENU_PRODUCT (UMB_NUM,PR_CODE,PR_EACH) values (35,178,1);
Insert into MARKETFULLY.USER_MENU_PRODUCT (UMB_NUM,PR_CODE,PR_EACH) values (35,102,1);
Insert into MARKETFULLY.USER_MENU_PRODUCT (UMB_NUM,PR_CODE,PR_EACH) values (35,80,1);
Insert into MARKETFULLY.USER_MENU_PRODUCT (UMB_NUM,PR_CODE,PR_EACH) values (35,127,1);
Insert into MARKETFULLY.USER_MENU_PRODUCT (UMB_NUM,PR_CODE,PR_EACH) values (36,163,1);
Insert into MARKETFULLY.USER_MENU_PRODUCT (UMB_NUM,PR_CODE,PR_EACH) values (36,120,2);
Insert into MARKETFULLY.USER_MENU_PRODUCT (UMB_NUM,PR_CODE,PR_EACH) values (36,82,3);
Insert into MARKETFULLY.USER_MENU_PRODUCT (UMB_NUM,PR_CODE,PR_EACH) values (36,157,4);
Insert into MARKETFULLY.USER_MENU_PRODUCT (UMB_NUM,PR_CODE,PR_EACH) values (37,96,1);
Insert into MARKETFULLY.USER_MENU_PRODUCT (UMB_NUM,PR_CODE,PR_EACH) values (37,82,1);
Insert into MARKETFULLY.USER_MENU_PRODUCT (UMB_NUM,PR_CODE,PR_EACH) values (37,79,1);
Insert into MARKETFULLY.USER_MENU_PRODUCT (UMB_NUM,PR_CODE,PR_EACH) values (38,184,1);
Insert into MARKETFULLY.USER_MENU_PRODUCT (UMB_NUM,PR_CODE,PR_EACH) values (38,127,1);
Insert into MARKETFULLY.USER_MENU_PRODUCT (UMB_NUM,PR_CODE,PR_EACH) values (38,102,1);
Insert into MARKETFULLY.USER_MENU_PRODUCT (UMB_NUM,PR_CODE,PR_EACH) values (38,78,1);
Insert into MARKETFULLY.USER_MENU_PRODUCT (UMB_NUM,PR_CODE,PR_EACH) values (39,103,1);
Insert into MARKETFULLY.USER_MENU_PRODUCT (UMB_NUM,PR_CODE,PR_EACH) values (39,177,1);
Insert into MARKETFULLY.USER_MENU_PRODUCT (UMB_NUM,PR_CODE,PR_EACH) values (39,137,1);
Insert into MARKETFULLY.USER_MENU_PRODUCT (UMB_NUM,PR_CODE,PR_EACH) values (39,106,1);
Insert into MARKETFULLY.USER_MENU_PRODUCT (UMB_NUM,PR_CODE,PR_EACH) values (40,107,2);
Insert into MARKETFULLY.USER_MENU_PRODUCT (UMB_NUM,PR_CODE,PR_EACH) values (40,215,1);
Insert into MARKETFULLY.USER_MENU_PRODUCT (UMB_NUM,PR_CODE,PR_EACH) values (40,188,1);
Insert into MARKETFULLY.USER_MENU_PRODUCT (UMB_NUM,PR_CODE,PR_EACH) values (40,156,1);
REM INSERTING into MARKETFULLY.USER_MENU_REPLY
SET DEFINE OFF;
Insert into MARKETFULLY.USER_MENU_REPLY (UMR_NUM,UMB_NUM,UMR_WRITER,UMR_CDATE,UMR_THANK,UMR_STATUS) values (5,23,'test4',to_date('20/05/01','RR/MM/DD'),0,'Y');
Insert into MARKETFULLY.USER_MENU_REPLY (UMR_NUM,UMB_NUM,UMR_WRITER,UMR_CDATE,UMR_THANK,UMR_STATUS) values (3,23,'test3',to_date('20/04/30','RR/MM/DD'),0,'Y');
Insert into MARKETFULLY.USER_MENU_REPLY (UMR_NUM,UMB_NUM,UMR_WRITER,UMR_CDATE,UMR_THANK,UMR_STATUS) values (4,23,'test4',to_date('20/05/01','RR/MM/DD'),0,'Y');
--------------------------------------------------------
--  Constraints for Table USER_MENU_BOARD
--------------------------------------------------------

  ALTER TABLE "MARKETFULLY"."USER_MENU_BOARD" MODIFY ("MC_CATE_NUM" NOT NULL ENABLE);
  ALTER TABLE "MARKETFULLY"."USER_MENU_BOARD" MODIFY ("UMB_STATUS" NOT NULL ENABLE);
  ALTER TABLE "MARKETFULLY"."USER_MENU_BOARD" MODIFY ("UMB_NUM" NOT NULL ENABLE);
--------------------------------------------------------
--  Constraints for Table QNA_BOARD
--------------------------------------------------------

  ALTER TABLE "MARKETFULLY"."QNA_BOARD" MODIFY ("Q_STATUS" NOT NULL ENABLE);
--------------------------------------------------------
--  Constraints for Table SHIP
--------------------------------------------------------

  ALTER TABLE "MARKETFULLY"."SHIP" MODIFY ("SHIP_CODE" NOT NULL ENABLE);
--------------------------------------------------------
--  Constraints for Table TV_MENU_BOARD
--------------------------------------------------------

  ALTER TABLE "MARKETFULLY"."TV_MENU_BOARD" MODIFY ("MC_CATE_NUM" NOT NULL ENABLE);
  ALTER TABLE "MARKETFULLY"."TV_MENU_BOARD" MODIFY ("TMB_STATUS" NOT NULL ENABLE);
  ALTER TABLE "MARKETFULLY"."TV_MENU_BOARD" MODIFY ("TMB_NUM" NOT NULL ENABLE);
--------------------------------------------------------
--  Constraints for Table USER_MENU_PRODUCT
--------------------------------------------------------

  ALTER TABLE "MARKETFULLY"."USER_MENU_PRODUCT" MODIFY ("UMB_NUM" NOT NULL ENABLE);
--------------------------------------------------------
--  Constraints for Table NOTICE
--------------------------------------------------------

  ALTER TABLE "MARKETFULLY"."NOTICE" MODIFY ("NOTICE_TITLE" NOT NULL ENABLE);
  ALTER TABLE "MARKETFULLY"."NOTICE" MODIFY ("NOTICE_STATUS" NOT NULL ENABLE);
--------------------------------------------------------
--  Constraints for Table TV_BOARD_LIKE
--------------------------------------------------------

  ALTER TABLE "MARKETFULLY"."TV_BOARD_LIKE" MODIFY ("TMB_NUM" NOT NULL ENABLE);
  ALTER TABLE "MARKETFULLY"."TV_BOARD_LIKE" MODIFY ("MEM_NUM" NOT NULL ENABLE);
--------------------------------------------------------
--  Constraints for Table USER_MENU_REPLY
--------------------------------------------------------

  ALTER TABLE "MARKETFULLY"."USER_MENU_REPLY" MODIFY ("UMR_STATUS" NOT NULL ENABLE);
  ALTER TABLE "MARKETFULLY"."USER_MENU_REPLY" MODIFY ("UMB_NUM" NOT NULL ENABLE);
--------------------------------------------------------
--  Constraints for Table MENU_EXPLAIN
--------------------------------------------------------

  ALTER TABLE "MARKETFULLY"."MENU_EXPLAIN" MODIFY ("ME_STATUS" NOT NULL ENABLE);
  ALTER TABLE "MARKETFULLY"."MENU_EXPLAIN" MODIFY ("MB_NUM" NOT NULL ENABLE);
--------------------------------------------------------
--  Constraints for Table USER_MENU_EXPLAIN
--------------------------------------------------------

  ALTER TABLE "MARKETFULLY"."USER_MENU_EXPLAIN" MODIFY ("UME_STATUS" NOT NULL ENABLE);
  ALTER TABLE "MARKETFULLY"."USER_MENU_EXPLAIN" MODIFY ("UMB_NUM" NOT NULL ENABLE);
--------------------------------------------------------
--  Constraints for Table BOARDLIKE
--------------------------------------------------------

  ALTER TABLE "MARKETFULLY"."BOARDLIKE" MODIFY ("RB_NUM" NOT NULL ENABLE);
  ALTER TABLE "MARKETFULLY"."BOARDLIKE" MODIFY ("MEM_NUM" NOT NULL ENABLE);
--------------------------------------------------------
--  Constraints for Table SUBCATE
--------------------------------------------------------

  ALTER TABLE "MARKETFULLY"."SUBCATE" ADD PRIMARY KEY ("CATECODE2")
  USING INDEX PCTFREE 10 INITRANS 2 MAXTRANS 255 COMPUTE STATISTICS 
  STORAGE(INITIAL 65536 NEXT 1048576 MINEXTENTS 1 MAXEXTENTS 2147483645
  PCTINCREASE 0 FREELISTS 1 FREELIST GROUPS 1 BUFFER_POOL DEFAULT FLASH_CACHE DEFAULT CELL_FLASH_CACHE DEFAULT)
  TABLESPACE "SYSTEM"  ENABLE;
--------------------------------------------------------
--  Constraints for Table MAINCATE
--------------------------------------------------------

  ALTER TABLE "MARKETFULLY"."MAINCATE" ADD PRIMARY KEY ("CATECODE1")
  USING INDEX PCTFREE 10 INITRANS 2 MAXTRANS 255 COMPUTE STATISTICS 
  STORAGE(INITIAL 65536 NEXT 1048576 MINEXTENTS 1 MAXEXTENTS 2147483645
  PCTINCREASE 0 FREELISTS 1 FREELIST GROUPS 1 BUFFER_POOL DEFAULT FLASH_CACHE DEFAULT CELL_FLASH_CACHE DEFAULT)
  TABLESPACE "SYSTEM"  ENABLE;
--------------------------------------------------------
--  Constraints for Table MILEAGE
--------------------------------------------------------

  ALTER TABLE "MARKETFULLY"."MILEAGE" MODIFY ("MEM_NUM" NOT NULL ENABLE);
--------------------------------------------------------
--  Constraints for Table MEMBER
--------------------------------------------------------

  ALTER TABLE "MARKETFULLY"."MEMBER" MODIFY ("MEM_STATUS" NOT NULL ENABLE);
  ALTER TABLE "MARKETFULLY"."MEMBER" MODIFY ("MEM_PWD" NOT NULL ENABLE);
  ALTER TABLE "MARKETFULLY"."MEMBER" MODIFY ("MEM_ID" NOT NULL ENABLE);
  ALTER TABLE "MARKETFULLY"."MEMBER" MODIFY ("MEM_NUM" NOT NULL ENABLE);
--------------------------------------------------------
--  Constraints for Table MENU_PRODUCT
--------------------------------------------------------

  ALTER TABLE "MARKETFULLY"."MENU_PRODUCT" MODIFY ("MB_NUM" NOT NULL ENABLE);
--------------------------------------------------------
--  Constraints for Table REQUEST_BOARD
--------------------------------------------------------

  ALTER TABLE "MARKETFULLY"."REQUEST_BOARD" MODIFY ("RB_TITLE" NOT NULL ENABLE);
--------------------------------------------------------
--  Constraints for Table MENU_CATEGORY
--------------------------------------------------------

  ALTER TABLE "MARKETFULLY"."MENU_CATEGORY" MODIFY ("MC_CATE_NUM" NOT NULL ENABLE);
  ALTER TABLE "MARKETFULLY"."MENU_CATEGORY" ADD CHECK (MC_STATUS IN ('Y','N')) ENABLE;
--------------------------------------------------------
--  Constraints for Table MENU_REPLY
--------------------------------------------------------

  ALTER TABLE "MARKETFULLY"."MENU_REPLY" MODIFY ("MR_STATUS" NOT NULL ENABLE);
  ALTER TABLE "MARKETFULLY"."MENU_REPLY" MODIFY ("MB_NUM" NOT NULL ENABLE);
--------------------------------------------------------
--  Constraints for Table USER_BOARD_LIKE
--------------------------------------------------------

  ALTER TABLE "MARKETFULLY"."USER_BOARD_LIKE" MODIFY ("UMB_NUM" NOT NULL ENABLE);
  ALTER TABLE "MARKETFULLY"."USER_BOARD_LIKE" MODIFY ("MEM_NUM" NOT NULL ENABLE);
--------------------------------------------------------
--  Constraints for Table CATE1
--------------------------------------------------------

  ALTER TABLE "MARKETFULLY"."CATE1" ADD PRIMARY KEY ("CATECODE1")
  USING INDEX PCTFREE 10 INITRANS 2 MAXTRANS 255 COMPUTE STATISTICS 
  STORAGE(INITIAL 65536 NEXT 1048576 MINEXTENTS 1 MAXEXTENTS 2147483645
  PCTINCREASE 0 FREELISTS 1 FREELIST GROUPS 1 BUFFER_POOL DEFAULT FLASH_CACHE DEFAULT CELL_FLASH_CACHE DEFAULT)
  TABLESPACE "SYSTEM"  ENABLE;
--------------------------------------------------------
--  Constraints for Table FAVORITE
--------------------------------------------------------

  ALTER TABLE "MARKETFULLY"."FAVORITE" MODIFY ("MB_NUM" NOT NULL ENABLE);
  ALTER TABLE "MARKETFULLY"."FAVORITE" MODIFY ("MB_BO_NUM" NOT NULL ENABLE);
  ALTER TABLE "MARKETFULLY"."FAVORITE" MODIFY ("MEM_NUM" NOT NULL ENABLE);
--------------------------------------------------------
--  Ref Constraints for Table CATE2
--------------------------------------------------------

  ALTER TABLE "MARKETFULLY"."CATE2" ADD FOREIGN KEY ("UPCATECODE")
	  REFERENCES "MARKETFULLY"."CATE1" ("CATECODE1") ON DELETE CASCADE ENABLE;
--------------------------------------------------------
--  Ref Constraints for Table SUBCATE
--------------------------------------------------------

  ALTER TABLE "MARKETFULLY"."SUBCATE" ADD FOREIGN KEY ("UPCATECODE")
	  REFERENCES "MARKETFULLY"."MAINCATE" ("CATECODE1") ENABLE;
